id,domain,status,purchase_price,renewal_price,attractiveness,demand,length,registrar,created_at,expires_at,status_verified_at
61a5562b-c814-45ff-a451-05da479562b0,priest.men,available,5.25,6.25,high,low,6,namesilo,,,27/09/2026 04:53
96c4daac-5f1d-466b-a57f-f26317a1835d,ultrasonic.men,premium,437.5,62.5,high,low,10,name.com,,,11/09/2026 22:51
9c71a213-7190-482b-8137-9f955f4ce62a,portrait.men,premium,382.61,55.11,high,low,8,porkbun,,,28/09/2026 02:57
fbbc8fab-daa8-436b-b483-4a5b5a79d8fb,unbounded.men,available,5.25,6.25,high,medium,9,namesilo,,,10/08/2026 22:34
720b6dd0-b083-4cb9-818a-05c30c516fd6,magnified.men,available,5.25,6.25,high,low,9,namesilo,,,24/08/2026 13:08
691eca4c-1164-4855-802b-2f3a5a8a34b7,wrath.men,premium,362.45,51.95,medium,low,5,spaceship,,,28/09/2026 20:48
91def95d-6517-412b-85ec-4d3733ba7621,aleutian.men,premium,437.5,62.5,medium,low,8,name.com,,,
374b8925-e4d0-49fd-91de-87f198112cdc,cigarette.men,premium,455,65,high,low,9,namecheap,,,25/09/2026 04:15
fb47bde6-fa36-4b2c-aed3-22cd9978c507,bobcat.men,premium,448,53.92,high,medium,6,namesilo,,,22/09/2026 17:27
8dd4881a-87bd-4909-8260-437d0c31f125,shipshape.men,premium,448,53.92,high,medium,9,namesilo,,,10/09/2026 06:36
5fda4c60-23fe-49ba-aa14-60cb94232e48,visa.men,premium,116,29.5,high,high,4,namesilo,,,28/09/2026 11:04
da13f040-fdb3-442b-8e93-d77d145234de,resurgent.men,available,5.25,6.25,high,low,9,namesilo,,,09/09/2026 13:53
5cf9df7e-526a-43d7-af0b-824fe04c4421,adviser.men,available,4.32,5.35,high,low,7,spaceship,,,28/09/2026 19:03
370d9fcb-d946-4f7e-becb-a89b32304504,lanthanum.men,available,5.25,6.25,medium,low,9,namesilo,,,20/09/2026 23:20
58d908b0-a5a2-44a5-b991-68b4944299fa,shoat.men,available,5.98,9.48,high,medium,5,namecheap,,,08/09/2026 19:35
fa97d8cc-da48-4614-bfdc-ecf7252169b4,lp.men,available,,,high,low,3,,,,
9576074e-8123-4652-8f88-50d6499e2df4,bae.men,premium,625,,high,low,3,name.com,,,
c1fce9d8-e09e-4599-b00f-722a826db672,caa.men,premium,550,71.5,high,low,3,dynadot,,,28/09/2026 03:29
7a71e276-8f2b-4c37-8a3a-5464ba52f1c7,unstoppable.men,premium,437.5,,high,low,11,name.com,,,
fb1d8a7d-d4c3-4cc7-8756-50888e37b489,bushy.men,premium,437.5,62.5,high,low,5,name.com,,,11/08/2026 11:15
ae92c203-1d94-4202-a2f2-edd483650662,entertain.men,premium,362.45,51.95,high,low,9,spaceship,,,28/09/2026 06:53
b8ac071b-9535-4109-bb1c-d4ec864cb05c,what.men,premium,625,,high,low,4,name.com,,,
cbac32b8-9bef-4a37-95b6-b0e37d1e77d5,memorable.men,available,5.98,9.48,high,low,9,namecheap,,,25/09/2026 19:29
671caf97-32b4-407f-9214-1e8cc88f955c,loony.men,available,,,medium,low,5,,,,
6947414c-278b-4974-b8ce-c21085b0ee0e,heavyweight.men,premium,,,high,low,11,,,,29/09/2026 03:05
6bd158f9-33bf-43b5-9886-48d4762bdbe4,gaussian.men,premium,437.5,62.5,high,low,8,name.com,,,18/08/2026 20:52
1418fbd7-ade5-438d-ac54-4a7c8397fd5c,retina.men,available,,,high,low,6,,,,
f7f2e9d5-8500-4619-98ba-d7cc23b407e9,alternator.men,available,5.25,6.25,medium,low,10,namesilo,,,18/09/2026 14:48
931d0b08-df6b-4134-b499-76b8bf20a4c4,crafts.men,premium,6500,130,medium,low,6,namecheap,,,19/09/2026 02:50
a4de9282-bdb8-4ad4-a15c-1a5ab7724e9d,booklover.men,available,5.25,6.25,medium,low,9,namesilo,,,23/09/2026 12:51
27164659-7ccc-4930-b2bb-4f901f481f81,abradant.men,available,5.25,6.25,medium,low,8,namesilo,,,
b8c1527b-e455-4f7f-a90f-dea9c4d20072,url.men,premium,640,77.35,high,medium,3,namesilo,,,28/09/2026 11:02
c57c3bca-2826-4aea-aac9-333e863fd9d6,ancients.men,available,24.99,37.99,high,low,8,name.com,,,19/09/2026 03:51
1ed59e37-1f34-49b1-af22-5a33c17f63f2,avocet.men,premium,448,53.92,medium,low,6,namesilo,,,21/09/2026 09:44
91d81fb2-15cf-4758-9ecc-489d796211ff,bakshis.men,available,5.98,9.48,medium,low,7,namecheap,,,21/09/2026 15:54
1bd359dd-9904-4bce-8ff6-83249e5d8563,invading.men,available,5.25,6.25,medium,low,8,namesilo,,,22/08/2026 02:12
125d99a6-3691-4185-97fb-edef9d65a470,guarneri.men,available,5.25,6.25,medium,low,8,namesilo,,,19/09/2026 04:22
0eaaa71c-0fba-4093-886c-fa2445741a25,resolutely.men,available,5.25,6.25,medium,low,10,namesilo,,,14/09/2026 11:12
8b891e8b-e934-43e3-a7a0-17b31eaa0ac4,papillary.men,available,5.25,6.25,medium,low,9,namesilo,,,05/09/2026 01:21
8e4a0c94-0001-4147-b5cc-a7549834f96f,monetary.men,available,5.98,9.48,high,low,8,namecheap,,,25/09/2026 21:29
c852e5ea-74cb-45b7-a72d-cbb7ecf4bbc5,bbl.men,premium,650,84.5,high,low,3,namecheap,,,22/09/2026 18:32
93817620-ce00-442e-a2e3-355980a364e0,etch.men,available,,,high,low,4,,,,
df17df1d-ac15-4060-81ba-f4ed82abeace,cpr.men,premium,650,84.5,high,low,3,namecheap,,,24/09/2026 12:51
9ef605f8-4652-4809-bc61-db48e269c0c8,barbuda.men,premium,448,53.92,medium,low,7,namesilo,,,22/09/2026 05:04
88116f35-f2ea-46c1-8253-34c720e24780,abbe.men,premium,116,29.5,medium,low,4,namesilo,,,16/09/2026 14:22
5a0011d9-7257-4eb6-8dbb-f8256d82ef1d,buzzed.men,premium,437.5,,high,low,6,name.com,,,
c5eaa46d-96a1-4389-9801-364bd7fbb4e1,yearling.men,premium,448,53.92,high,low,8,namesilo,,,22/09/2026 00:38
428f9c2b-091a-45f4-b9d2-3f32364b77f8,hans.men,available,,,high,low,4,,,,
72a7daf4-1ed0-45b8-80cd-05d8f403df8f,irregular.men,premium,448,53.92,high,low,9,namesilo,,,25/09/2026 11:26
38177664-a0a3-4c49-bfd2-c6a1bae528d8,accusal.men,available,5.98,9.48,medium,low,7,namecheap,,,16/09/2026 23:22
1b10f2ee-46b6-4017-95d9-d5391a3b36d1,llp.men,premium,625,,high,low,3,name.com,,,
24b60634-1eaa-4780-a642-fae5fc9f40b5,defense.men,available,,,high,low,7,,,,
73a63e3b-544c-4c3f-977c-964bf6e0295f,oaken.men,available,5.25,6.25,medium,low,5,namesilo,,,03/09/2026 23:26
0f50eb9d-15e2-4f7b-9f08-45f05c5595e2,nauseous.men,available,5.25,6.25,medium,low,8,namesilo,,,24/08/2026 08:24
a8ad7e53-27c5-4eb6-8af7-98b224d06289,pullover.men,premium,448,53.92,medium,low,9,namesilo,,,16/09/2026 17:17
c329366d-af20-4fad-9c18-5153cc3eb174,hedge.men,available,5.25,6.25,high,low,5,namesilo,,,
a7418ba9-572b-4d4f-91ab-6920bebb24ec,upstate.men,premium,455,65,high,low,7,namecheap,,,16/09/2026 10:25
4c712110-cfc9-4318-ae8c-aff4c2963d88,bets.men,premium,116,29.5,high,low,4,namesilo,,,
d51ad36f-34a2-4201-8787-cd5d374e076a,protective.men,premium,448,53.92,high,low,10,namesilo,,,27/09/2026 07:44
a42f0595-a6c2-41e1-bcba-ba201989f8e6,evansville.men,available,5.25,6.25,medium,low,10,namesilo,,,28/09/2026 01:52
514d48a4-472f-45ca-9de4-a2b375bf02ae,diversify.men,available,5.25,6.25,high,low,9,namesilo,,,
959a675e-07bd-445a-aa87-7e7d2db5f33f,spew.men,available,5.25,6.25,high,medium,4,namesilo,,,10/09/2026 07:39
1630e29f-10d7-4e23-9753-3e4f5b36bdf5,nevertheless.men,available,5.25,6.25,medium,low,12,namesilo,,,28/09/2026 22:40
a642d982-c4b3-4f8b-87b1-878fcf23ad3c,fecal.men,available,5.25,6.25,medium,low,5,namesilo,,,17/08/2026 20:38
b8470a68-d6e5-4b41-9763-a5fdae438d23,unshoed.men,available,5.98,9.48,low,low,7,namecheap,,,12/09/2026 19:51
c8f981d1-9267-4f14-bef7-bbf7e881b122,chummy.men,available,5.25,6.25,high,low,6,namesilo,,,11/08/2026 07:44
c3adc556-1901-4fe3-a66b-a69ebb55442e,catered.men,available,24.99,37.99,medium,low,7,name.com,,,20/09/2026 17:04
f7348ed8-fef2-4092-b061-687de7265479,admiral.men,premium,448,53.92,high,low,7,namesilo,,,17/09/2026 08:46
fdd484e8-e17d-442f-a442-618daf5eb6f5,tenebrous.men,premium,448,53.92,medium,low,9,namesilo,,,11/09/2026 11:19
e7ccd842-2fe2-4d15-bc25-6bbb07335071,revolutions.men,premium,448,53.92,medium,low,11,namesilo,,,20/09/2026 15:34
eadb5195-95c5-4c6d-8afa-7b890b2b0980,eisenhower.men,premium,,,medium,low,10,,,,28/09/2026 19:01
90bb4b43-bf5b-426f-ba3d-3e864c15c97a,tatar.men,available,4.61,5.64,high,low,5,porkbun,,,29/09/2026 01:41
5b638751-d37f-4344-a2a6-242a644f697b,pdf.men,premium,640,77.35,high,medium,3,namesilo,,,27/09/2026 06:22
46525127-8a73-40af-b262-e7c3dd78915f,artery.men,premium,448,53.92,high,low,6,namesilo,,,20/09/2026 10:30
b514a3fd-f796-428a-9a35-e24556c3134b,wiry.men,available,5.25,6.25,medium,low,4,namesilo,,,10/09/2026 22:42
8fd1ccd3-9f6f-4fd6-90a2-4d1c3a50f4be,attentions.men,available,5.98,9.48,medium,low,10,namecheap,,,19/09/2026 21:27
bfc2b161-4b7d-476e-ba52-4f2ab0c64fc6,hypophysis.men,available,5.98,9.48,high,medium,10,namecheap,,,08/09/2026 20:09
b3fdacf7-d303-4a9c-a56f-1196e90330e9,incognito.men,premium,437.5,62.5,high,low,9,name.com,,,22/08/2026 01:36
23982a8f-f4c5-4147-8d56-a7d67f2c09c6,rum.men,premium,625,81.25,high,low,3,name.com,,,13/08/2026 11:11
3cfb3276-322f-4838-b2f3-53317901fe0a,bawling.men,available,5.25,6.25,medium,low,7,namesilo,,,13/09/2026 07:42
561b2e07-7fe8-4907-9cce-d26ddaee45ae,accounting.men,premium,448,53.92,high,low,10,namesilo,,,28/09/2026 02:35
7c2ec11c-2bb2-4b28-8949-a3d8bb01a179,screenshots.men,available,5.25,6.25,medium,low,11,namesilo,,,20/09/2026 11:10
72e92ada-188a-45c6-8928-cf18e2f8e0b6,arbutus.men,premium,455,65,medium,low,7,namecheap,,,20/09/2026 01:01
47f8d28c-7fe2-47bf-8794-421ea2da0c21,edited.men,available,5.25,6.25,high,low,6,namesilo,,,15/08/2026 11:05
5554d432-264e-4af3-b347-25cdc46e33e9,amnesic.men,available,5.25,6.25,medium,low,7,namesilo,,,
e2a0944f-1923-42aa-a38c-89bdbec6d78b,operose.men,available,5.25,6.25,medium,low,7,namesilo,,,06/08/2026 17:05
3548a0a3-112f-40bb-bc8c-a5f668f7fab9,conversations.men,premium,385,55,medium,low,13,dynadot,,,28/09/2026 08:58
fc1ef31f-8823-4279-b391-24c7c65b0456,luculent.men,available,5.25,6.25,medium,low,8,namesilo,,,24/08/2026 10:52
95d0f129-09bd-413a-8565-227a87afacfd,etiology.men,premium,455,65,medium,low,8,namecheap,,,17/09/2026 13:48
7f148bac-760f-4fae-8a60-09d66511d7fa,belarusian.men,available,5.25,6.25,medium,low,10,namesilo,,,09/08/2026 12:32
fa4fcf75-9ee6-4f29-b7bd-6da91ed83862,forbearing.men,available,5.25,6.25,medium,low,10,namesilo,,,18/08/2026 10:57
f374142a-50e2-4706-bba7-b97e4599c0ce,distribution.men,available,4.18,5.18,high,low,12,cloudflare,,,28/09/2026 04:51
f14a24f7-0853-4586-99a2-d608a1db9cd6,orr.men,premium,640,77.35,high,low,3,namesilo,,,27/09/2026 03:21
0cf30e24-d388-463b-ac6a-db484b9b21cc,beingness.men,available,5.25,6.25,medium,low,9,namesilo,,,23/09/2026 04:19
6d804fc6-ec32-49e7-a906-89c7247bf31d,ponderable.men,available,5.25,6.25,medium,low,10,namesilo,,,12/08/2026 15:42
4677a073-815e-4063-85cb-44eee5b30dfe,weight.men,premium,455,65,high,low,6,namecheap,,,19/09/2026 19:07
2e4375ef-b033-485f-86f4-4d79bc57d52c,asclepius.men,premium,455,65,medium,low,9,namecheap,,,17/09/2026 13:21
07f627de-f060-4ea8-958d-3660a1f1dcbe,blinding.men,available,5.25,6.25,medium,low,8,namesilo,,,10/08/2026 13:42
ee6dabac-38c2-4986-a92e-3e8a33b9d889,aries.men,available,5.25,6.25,high,low,5,namesilo,,,20/09/2026 05:23
37d4b9a1-e3c7-454a-aa27-121bd38fa409,peabody.men,available,4.61,5.64,medium,low,7,porkbun,,,29/09/2026 00:46
72cb9dbc-6b61-446f-8faa-600ce2bbcec0,keynesian.men,available,5.25,6.25,medium,low,9,namesilo,,,22/08/2026 15:46
439b28a4-4e92-4eb7-9c77-74644e18390a,gillette.men,premium,382.61,55.11,high,low,8,porkbun,,,28/09/2026 05:50
6b6e6105-4b30-4940-90bd-d22bb53d3c3c,carols.men,premium,455,65,medium,low,6,namecheap,,,17/09/2026 18:54
0c6377c7-d64c-4e56-8d61-bd7be6727e62,pretoria.men,available,5.25,6.25,high,low,8,namesilo,,,
860bee21-e1d6-424e-a5a5-78e3205b0de4,knitting.men,premium,448,53.92,high,low,8,namesilo,,,29/09/2026 01:31
5d5d95b9-a7d9-4c00-80be-59310aa50e2f,expects.men,available,5.25,6.25,medium,low,7,namesilo,,,20/09/2026 01:39
03a279c4-2bde-4d4a-bab6-1774f87bf837,concealed.men,premium,455,65,high,low,9,namecheap,,,23/09/2026 18:33
ed76bd38-99aa-40f0-9426-c74b2209e306,individuals.men,premium,448,53.92,low,low,11,namesilo,,,28/09/2026 12:49
23d688e8-e76e-49d7-b280-4cb85b715411,domination.men,premium,448,53.92,high,low,10,namesilo,,,24/09/2026 23:26
2a333fa3-4906-4470-a790-7adef4e28f92,vainly.men,available,5.25,6.25,medium,low,6,namesilo,,,15/09/2026 07:33
1fc6eba6-5fc0-4913-bda1-5a2137adffe7,anaglyph.men,available,5.98,9.48,medium,low,8,namecheap,,,19/09/2026 01:21
167c202e-2ee8-4752-9270-e856ef1b5073,shaun.men,available,4.32,5.35,medium,low,5,spaceship,,,29/09/2026 03:45
191a6544-ec31-4f4b-8749-fc68cd3fad87,adams.men,available,5.25,6.25,high,low,5,namesilo,,,17/09/2026 06:17
ddc763fb-92ca-45a9-86c6-85c49dc69bb3,aside.men,premium,362.45,51.95,high,low,5,spaceship,,,28/09/2026 12:23
95e999a5-699d-476c-87b1-80684e9b652c,overlook.men,premium,437.5,,high,low,8,name.com,,,
fa870bee-6827-455c-9e2f-d07555f80148,travis.men,premium,448,53.92,high,low,6,namesilo,,,25/09/2026 13:01
d6aa901a-ac4a-4822-a2e2-64c4a8b4219c,torturing.men,available,5.25,6.25,medium,low,9,namesilo,,,
ad68eca1-d28d-47aa-a919-9ebc39e06d65,santos.men,available,5.25,6.25,medium,low,6,namesilo,,,28/09/2026 15:17
af2cf670-1d2c-47e0-bc52-3bc762142bf2,qat.men,premium,650,84.5,medium,low,3,namecheap,,,17/09/2026 15:24
0d5ee138-0b2f-415f-bf4f-67fd44ba0691,tussle.men,premium,455,65,high,medium,6,namecheap,,,09/09/2026 18:55
97604e13-aa8f-456d-a947-a78da3df774a,babassu.men,available,5.25,6.25,medium,low,7,namesilo,,,21/09/2026 12:15
5ac3dcd8-ab0f-49e8-8052-4a299f605295,ballpark.men,premium,448,53.92,high,low,8,namesilo,,,19/09/2026 22:25
7138f048-d2e7-40d3-9e0f-77f00792892b,caprine.men,available,5.98,9.48,medium,low,7,namecheap,,,11/08/2026 18:06
25ce5bbb-5703-49cd-a92a-4a0ebea47541,inductive.men,available,5.25,6.25,medium,low,9,namesilo,,,22/08/2026 03:29
ad95790d-4421-46a7-a932-539c97ee4024,obsolete.men,premium,437.5,62.5,medium,low,8,name.com,,,14/08/2026 13:30
808b9024-d583-4e66-9d8c-1d069a557f94,smelling.men,available,4.18,5.18,high,low,8,cloudflare,,,27/09/2026 22:56
c20d7e28-ee9f-40f3-8b0e-fd2fc8c49ddb,wizened.men,available,5.25,6.25,high,medium,7,namesilo,,,10/09/2026 07:00
5d96974c-607c-490f-96a0-ad581df62e4a,fiery.men,available,,,high,low,5,,,,
1b5b20af-4b42-4aa3-b801-5eadf5529e78,lutecium.men,available,5.25,6.25,medium,low,8,namesilo,,,20/09/2026 23:39
ec6a517c-af06-4022-854b-e20b677ff4fa,weimar.men,available,5.98,9.48,medium,low,6,namecheap,,,26/09/2026 00:31
177e0f83-ca69-44df-89d6-19f0853f8da8,uncordial.men,available,5.25,6.25,medium,low,9,namesilo,,,12/09/2026 06:13
413ffaac-0a68-47dd-919d-70a471dbd3a3,stopgap.men,premium,437.5,62.5,medium,low,7,name.com,,,24/08/2026 13:27
5e6ec32e-b734-4acc-9014-b5b9e0f187ea,captious.men,available,5.98,9.48,medium,low,8,namecheap,,,11/08/2026 18:18
8ba033ba-e9b6-4e1c-979f-2528edf08788,brothel.men,available,5.98,9.48,medium,low,7,namecheap,,,21/09/2026 18:15
8bd44764-ca00-4610-af6b-28be50f32ced,becalmed.men,available,5.25,6.25,medium,low,8,namesilo,,,09/08/2026 06:03
b1b6ba0f-854f-4a2f-b2b0-1b4a169da765,catclaw.men,available,5.25,6.25,medium,low,7,namesilo,,,23/09/2026 23:59
1ffb2e4f-572a-402f-ae1a-0bb785339f77,roarer.men,available,5.25,6.25,medium,low,6,namesilo,,,22/09/2026 16:57
5f436b7d-2892-42f4-bca3-da9e52f55765,circuits.men,premium,448,53.92,medium,low,8,namesilo,,,29/09/2026 00:07
34bac186-7cb7-48e9-97bb-085f910d20f1,vulturous.men,available,5.25,6.25,high,medium,9,namesilo,,,09/09/2026 10:25
d35817fd-ec7f-4240-8c51-4786bbd24514,ordinal.men,available,5.25,6.25,high,low,7,namesilo,,,04/09/2026 17:44
cd9fcf69-6523-45ec-b09a-77838a5e2402,modulated.men,available,5.25,6.25,medium,low,9,namesilo,,,25/08/2026 03:19
b785850f-6e0e-4f58-87bd-f2d8ba46e18a,bergenia.men,available,5.98,9.48,medium,low,8,namecheap,,,23/09/2026 09:20
4393587d-64f9-4480-8971-89fdf0d0f250,visceral.men,premium,448,53.92,medium,low,8,namesilo,,,10/09/2026 16:02
3f86f546-c1c8-438e-9607-31e78d26f4d9,asexual.men,available,5.25,6.25,high,low,7,namesilo,,,07/08/2026 01:33
a2b1e786-6c8d-4859-8b0a-9e893a87fa69,brent.men,premium,385,55,high,low,5,dynadot,,,28/09/2026 05:19
7934a714-e264-484d-9070-a634960674ba,faceted.men,available,5.98,9.48,medium,low,7,namecheap,,,17/08/2026 20:24
6446447e-6c7e-48c2-9be5-f8a22772b06a,letting.men,available,5.25,6.25,high,low,7,namesilo,,,09/09/2026 14:21
6750f9d8-ab3f-4c0c-b941-d9137b22fbd9,mask.men,available,,,high,low,4,,,,
9d66df68-df2e-4af7-a18d-df337deeaa1c,ruthful.men,available,5.25,6.25,medium,low,7,namesilo,,,12/08/2026 23:40
ca2af341-fbac-4fc0-a53d-0dc5584957a5,troublous.men,available,5.25,6.25,low,low,9,namesilo,,,11/09/2026 20:27
616c20d8-42a7-4ddf-ae6f-ca554035ebf8,feigned.men,available,5.25,6.25,medium,low,7,namesilo,,,18/08/2026 00:43
34587741-6e0d-4ab5-bda4-e9fc70be08f9,indulgent.men,available,5.25,6.25,high,low,9,namesilo,,,22/08/2026 03:33
84a8cabb-17c4-451d-aca4-b18b63d0bf94,tape.men,premium,116,29.5,high,low,4,namesilo,,,
74ed7837-5e16-4837-942b-f7d31de6ce58,preferable.men,available,5.25,6.25,high,medium,10,namesilo,,,09/09/2026 01:36
e1b44cca-aec6-4fd0-aacd-73bce3b4fbc4,connected.men,premium,1107,116,high,medium,9,namesilo,,,19/09/2026 11:24
58f54c11-6072-45c4-a32b-a7bcc8d6baee,credal.men,available,5.25,6.25,medium,low,6,namesilo,,,13/08/2026 05:52
7e1525c3-4e12-4208-b564-c4bfb29d6dfa,pondered.men,available,5.25,6.25,medium,low,8,namesilo,,,18/09/2026 02:08
1279ccda-6c10-4239-a456-ec0d32902370,airline.men,premium,362.45,51.95,high,low,7,spaceship,,,28/09/2026 19:37
95e95db5-30cb-4e78-b9f2-ea3dc6093dea,fingerless.men,available,5.25,6.25,medium,low,10,namesilo,,,18/08/2026 04:55
aa2c7bad-e3e1-4003-93ce-88af67c311a5,mathematical.men,available,5.98,9.48,medium,low,12,namecheap,,,28/09/2026 21:06
6533bd72-c1f0-436f-a5a8-4a4bef609eec,squealer.men,available,5.98,9.48,medium,low,8,namecheap,,,23/09/2026 11:32
a80202c9-2964-46a0-ad77-834ef617e4cf,remains.men,available,5.98,9.48,medium,low,7,namecheap,,,27/09/2026 03:27
078d063f-51cd-4182-873f-0908e42e3c62,adar.men,premium,116,29.5,medium,low,4,namesilo,,,17/09/2026 06:32
46e65970-6ea1-4c7d-92a8-f0a4249187bc,autoclave.men,premium,455,65,medium,low,9,namecheap,,,21/09/2026 06:03
31526834-8ec2-459b-89d3-179248767dec,briton.men,available,5.25,6.25,high,low,6,namesilo,,,11/08/2026 04:48
aa5ff0dd-d118-4bab-a0be-2156f06e0222,altawhid.men,available,5.25,6.25,medium,low,9,namesilo,,,18/09/2026 01:07
095596cd-cd3a-468e-8cbb-65cb270368d2,superfine.men,premium,437.5,62.5,high,low,9,name.com,,,04/09/2026 21:37
8a93f796-0394-4337-b2ba-29c18582b1a1,deadpan.men,available,24.99,37.99,medium,low,7,name.com,,,13/08/2026 19:37
9e3e9e6f-b318-4dac-a5a2-bbfe7324b5d9,latish.men,available,5.25,6.25,medium,low,6,namesilo,,,22/08/2026 20:43
de0237d9-311d-4d95-983e-12e6bf30def1,aflare.men,available,5.25,6.25,medium,low,6,namesilo,,,
1f390b90-f1a7-4345-a8b0-3d1c18546991,nafud.men,available,5.25,6.25,medium,low,5,namesilo,,,19/09/2026 00:44
af8f67bb-48a6-436f-9926-467f75b9ef86,videos.men,premium,6900,116,medium,low,6,namesilo,,,28/09/2026 03:36
53081e73-cc1d-4fc5-950c-ae65cbb6470a,amnionic.men,available,5.98,9.48,medium,low,8,namecheap,,,
cfef1b4a-6636-43fe-8433-a47679666706,mentor.men,available,,,high,low,6,,,,
26b6dc64-1416-49d7-8e39-021cd953c84e,latent.men,available,5.25,6.25,high,low,6,namesilo,,,22/08/2026 20:30
515d552f-3df6-4f32-b74a-c0fc685b01b8,petite.men,available,,,medium,low,6,,,,
51ec1c80-43ba-4963-bb2e-f5e399f4614c,sapodilla.men,available,5.25,6.25,medium,low,9,namesilo,,,17/09/2026 00:57
6efdcd5f-9221-4fec-9bc9-672ffad5033e,alcohols.men,available,5.98,9.48,medium,low,8,namecheap,,,20/09/2026 18:31
0ddc6c55-a492-453f-8975-1a85d33bfd5c,bathyal.men,available,5.25,6.25,low,low,7,namesilo,,,09/08/2026 01:34
9408ae4c-d53c-48c0-aa8b-7b4871533f03,cage.men,premium,640,77.35,high,low,4,namesilo,,,22/09/2026 14:36
30647452-f772-4aa0-952e-9b3ab09ee947,alabama.men,resell,,,high,low,7,"NameSilo, LLC",05/06/2016 03:14,05/06/2027 03:14,28/09/2026 20:00
7d77847f-c093-4360-ad75-3bbaf755e132,oxford.men,available,,,high,low,6,,,,
6f8c0366-f1ab-422e-b391-090dfcad5a23,appanage.men,available,5.25,6.25,medium,low,8,namesilo,,,19/09/2026 16:11
c90beed5-77eb-4559-b744-f66e2454fdfa,categoric.men,available,5.98,9.48,medium,low,9,namecheap,,,11/08/2026 21:29
bf0af6b9-ba27-4db8-9305-4c927a80d9ae,asura.men,premium,455,65,medium,low,5,namecheap,,,20/09/2026 18:26
40f6af34-dadb-4f76-9870-6d2663131e66,lgbtq.men,available,5.25,6.25,high,low,5,namesilo,,,
f2dca0bc-e2e0-40de-ab1d-0f69f53595cb,leaky.men,available,5.25,6.25,medium,low,5,namesilo,,,22/08/2026 22:01
67793dca-af9e-4c42-b24f-cb41a549c785,areca.men,premium,448,53.92,medium,low,5,namesilo,,,20/09/2026 03:25
2adc5073-d47a-4e66-bb39-4aff06974d52,promotes.men,available,5.25,6.25,medium,low,8,namesilo,,,16/09/2026 11:54
a434d0ae-888a-4c80-83e2-927fc9526b69,sphalerite.men,available,5.25,6.25,medium,low,10,namesilo,,,24/09/2026 05:44
3ac63e83-0192-49db-b732-7216452d277e,policy.men,available,5.25,6.25,high,low,6,namesilo,,,
5ad6c455-8cd9-4886-acf6-146d35b9ef3c,willful.men,available,5.25,6.25,medium,low,7,namesilo,,,18/08/2026 16:37
7366e3cd-ec65-41ef-862d-7dc8dd36a11b,curl.men,premium,116,29.5,high,low,4,namesilo,,,
7da0a43f-937a-4fd8-a1d5-c2df4bf17c0a,obamacare.men,available,5.25,6.25,medium,low,10,namesilo,,,
fe501e8f-302e-4f6e-a391-ca35869765f8,nondrinker.men,available,5.25,6.25,medium,low,10,namesilo,,,
2321c85c-8b83-42e6-aca2-33643de8f936,apoapsis.men,available,5.98,9.48,medium,low,8,namecheap,,,19/09/2026 18:07
0e5c5a1a-a9ea-48a4-96ce-bf67d0ffed70,gladiola.men,available,5.25,6.25,medium,low,8,namesilo,,,19/08/2026 00:09
59742e14-78ea-4348-aca9-f98ead89fac6,visualised.men,available,5.25,6.25,medium,low,10,namesilo,,,17/08/2026 10:03
0081217e-42c2-404a-8a39-4c210fcf281b,totipotent.men,available,5.98,9.48,medium,low,10,namecheap,,,11/09/2026 18:12
e76eb55e-83a8-4a25-9d9c-226e6cfdc67d,cart.men,premium,,,high,low,4,,,,27/09/2026 12:16
9998c077-0bf3-4528-92cb-2846eff6cd4e,ballast.men,premium,448,53.92,high,low,7,namesilo,,,21/09/2026 22:46
e311860b-9f35-4345-9763-8a1386da189a,childly.men,available,5.25,6.25,medium,low,7,namesilo,,,12/08/2026 05:14
8cc06e58-e94e-4748-abab-184b53fac0ea,plebeian.men,available,5.98,9.48,medium,low,8,namecheap,,,08/09/2026 21:00
8b101cd4-d5b1-41b1-8e8e-189f629f74b7,squeeze.men,premium,437.5,62.5,high,low,7,name.com,,,20/08/2026 22:27
f9d6990b-c600-4ff7-a4fb-37230febc5cc,spareribs.men,available,5.25,6.25,high,low,9,namesilo,,,22/09/2026 04:41
55203c2e-49fc-43c8-885d-bc4e9983af0d,liao.men,resell,,,medium,low,4,,,,29/09/2026 01:35
3b756f91-3cf5-4763-a18c-3e9bc9a2626f,untrod.men,available,5.25,6.25,medium,low,6,namesilo,,,08/09/2026 10:33
303525ec-10af-474c-bb77-c130ff70414f,cordially.men,available,5.25,6.25,medium,low,9,namesilo,,,14/09/2026 08:43
7a1a23a0-8907-4928-9451-7632e1a69f26,permission.men,premium,455,65,high,low,10,namecheap,,,25/09/2026 09:53
dc558299-0da3-4646-8c0d-8457571a8427,wanda.men,premium,448,53.92,medium,low,5,namesilo,,,28/09/2026 07:42
ff2aeea6-4fd7-4172-9046-3ab1fd98b9a0,shavian.men,available,5.25,6.25,high,medium,7,namesilo,,,10/09/2026 06:09
cdde69ab-0224-432e-89d3-3178b7104d9b,glory.men,available,,,high,low,5,,,,
7874aba9-1764-4beb-9dae-9a07368776c9,attached.men,premium,3125,125,high,low,8,name.com,,,
ca546335-5ec3-4f6f-88bd-132fe8683f4c,harrowing.men,available,5.25,6.25,medium,low,9,namesilo,,,
a75a95eb-8dbd-4d70-b24a-452085f2b2fe,unfree.men,available,5.25,6.25,medium,low,6,namesilo,,,12/09/2026 10:43
49a56516-d17c-41b5-b370-c7403a7d7ea6,operable.men,available,5.25,6.25,medium,low,8,namesilo,,,04/09/2026 16:20
72e3393a-2048-4ae8-a6b0-3faf57a55ed0,charivari.men,premium,455,65,medium,low,9,namecheap,,,23/09/2026 06:08
84fe9b5f-9b91-4ecc-8149-c528e2507303,profundity.men,available,5.98,9.48,medium,low,10,namecheap,,,16/09/2026 18:38
6ec0e89a-a6bf-4630-bd32-56e59b7b849c,interpret.men,premium,437.5,,high,low,9,name.com,,,
9adbc76f-f474-42ba-8291-a9dc2c9edc17,theorise.men,available,5.25,6.25,high,low,8,namesilo,,,24/09/2026 17:20
f1d4a949-41dd-4a2b-a88f-9e9f11e5c48e,basileus.men,available,5.98,9.48,medium,low,8,namecheap,,,22/09/2026 10:47
dde55983-ac76-424d-b9b2-836b9871d7d5,soaring.men,premium,448,53.92,high,medium,7,namesilo,,,10/09/2026 12:58
b07e45ba-7654-4a23-aa7d-139f3e254b82,prissy.men,available,5.98,9.48,medium,low,6,namecheap,,,04/09/2026 21:22
5ba830f5-366b-42fe-aaff-e0e945efeb07,ballooning.men,premium,448,53.92,high,low,10,namesilo,,,21/09/2026 23:14
55dba0d7-ee66-493f-abc4-d138f4b023ae,nobleman.men,premium,455,65,high,low,8,namecheap,,,03/09/2026 18:00
7045ab2c-0a69-4425-82d0-3bb804e8df23,reliable.men,premium,448,53.92,high,low,8,namesilo,,,22/09/2026 13:45
0bc826d6-2c04-47a3-8237-09a611dae1f1,adduct.men,available,5.25,6.25,medium,low,6,namesilo,,,17/09/2026 07:09
c0b6bb16-9af7-4950-8c48-fc5a41159a46,defective.men,premium,437.5,62.5,medium,low,9,name.com,,,13/08/2026 23:06
4cc04936-f418-4731-824b-27f7004c5a3f,aten.men,available,5.98,9.48,medium,low,4,namecheap,,,20/09/2026 20:04
d1e36029-c291-4f63-a59d-a219c20b8969,cobb.men,premium,116,29.5,medium,low,4,namesilo,,,28/09/2026 15:39
36d92889-a7e8-4726-9851-42220e24178c,bison.men,premium,448,53.92,high,low,5,namesilo,,,23/09/2026 22:04
2fef34bc-2fec-48db-96cf-0077e29ebe9c,tyrol.men,available,4.18,5.18,medium,low,5,cloudflare,,,28/09/2026 20:40
6246c988-b78f-407c-a444-a5300f70ffdd,uncoated.men,available,5.25,6.25,medium,low,8,namesilo,,,12/09/2026 05:35
775b0d3d-7fe9-42da-9f8e-ea958077274d,bulge.men,premium,640,77.35,high,low,5,namesilo,,,08/09/2026 23:47
7060d48d-732c-42aa-9352-9612c16b9c65,multiplayer.men,available,5.25,6.25,high,low,11,namesilo,,,
63a53318-e3bf-4c16-b1fa-be2e349898bf,amplifiers.men,available,5.25,6.25,medium,low,10,namesilo,,,17/09/2026 07:12
bd093ef3-4222-47f6-8c4f-d44aac14bb30,detection.men,premium,437.5,,high,low,9,name.com,,,
2c9113d5-6e97-47d8-ac79-beaf37f85d36,rubberise.men,available,5.98,9.48,high,medium,9,namecheap,,,09/09/2026 19:14
61ba04d1-5649-4b0e-b94d-5fdcd5057d14,hilar.men,available,5.25,6.25,medium,low,5,namesilo,,,21/08/2026 09:19
8454583c-36f2-4c2a-853e-40eafd0de88b,orlando.men,resell,,,high,low,7,Dynadot Inc,03/05/2021 11:48,03/05/2027 11:48,26/09/2026 07:57
9974dc67-eb20-4a4a-b62d-61b5ccf80306,roles.men,available,5.98,9.48,medium,low,5,namecheap,,,28/09/2026 21:41
8942aaec-8a4e-4278-aa5d-e843f220c299,closer.men,premium,116,29.5,high,low,6,namesilo,,,28/09/2026 14:02
ae8528a2-7d88-4396-8538-fb488764c295,brunette.men,premium,116,29.5,medium,low,8,namesilo,,,11/08/2026 06:56
d577d2a1-9eab-485a-915a-9929ebd238f9,acclaim.men,premium,455,65,high,low,7,namecheap,,,16/09/2026 22:32
9627561f-a8db-4d82-9c27-aeca3159624a,county.men,premium,448,53.92,high,low,6,namesilo,,,24/09/2026 18:41
7668f549-2feb-4fcd-a924-b0d12a63dfd6,recommending.men,available,4.32,5.35,medium,low,12,spaceship,,,28/09/2026 03:25
01663842-a6ce-492e-85ec-9b3bb711ec4d,shortened.men,available,5.25,6.25,high,medium,9,namesilo,,,10/09/2026 06:48
a08e728d-70a7-41f6-aa02-89ecee4be392,style.men,premium,3250,130,high,low,5,namecheap,,,08/09/2026 07:22
dfaab1ac-f0d2-45ea-9e32-7f9597e403b2,bordello.men,premium,455,65,medium,low,8,namecheap,,,21/09/2026 18:17
c8951f6b-6b5f-4ae2-a943-70cbab733b08,yobo.men,premium,116,29.5,medium,low,4,namesilo,,,11/08/2026 08:48
e4abfb32-468a-4537-9695-8382f0b1499a,capitalism.men,available,5.25,6.25,high,low,10,namesilo,,,
dbf61e37-deb1-421d-aa14-394519c6598b,exit.men,available,,,high,low,4,,,,
a9c89d58-e981-4d84-b52e-5501ed2d68c8,clues.men,premium,448,53.92,medium,low,5,namesilo,,,28/09/2026 05:05
54a82c37-7fca-46f8-a514-f390987d08d5,avicennia.men,available,5.25,6.25,medium,low,9,namesilo,,,21/09/2026 09:24
cd772b7f-2999-43b7-8277-4d9f86ee7a9b,diverting.men,available,5.25,6.25,medium,low,9,namesilo,,,
bf84226b-08c6-42a6-a6a8-0d4938819407,rfc.men,premium,640,77.35,high,low,3,namesilo,,,27/09/2026 06:31
aeea5763-695e-4a04-bc2d-15fa808a9591,cashew.men,premium,448,53.92,high,low,6,namesilo,,,19/09/2026 01:00
6e90719d-9b17-4413-815a-422c45d589c3,argument.men,available,5.25,6.25,high,low,8,namesilo,,,20/09/2026 04:49
082422eb-6881-4bff-9ad2-ecf3beac562e,chopper.men,premium,448,53.92,high,low,7,namesilo,,,08/09/2026 11:24
40d48f8c-2d2b-43a4-9a16-caf15adf8322,chechen.men,available,5.25,6.25,high,low,7,namesilo,,,12/08/2026 03:34
637b7b3e-f49e-4ead-b9f8-01f9717753e4,jacobean.men,available,5.25,6.25,high,low,8,namesilo,,,22/08/2026 11:47
257c4cd8-4bc1-4356-ac00-01af28b175d9,sociably.men,available,5.25,6.25,medium,low,8,namesilo,,,14/09/2026 22:21
5b68f68a-b403-4794-8d82-85224665f7a6,stepped.men,available,5.98,9.48,high,low,7,namecheap,,,25/09/2026 18:05
1d5647f4-2bb4-4c5e-8d74-41e5140efc73,aphrodite.men,premium,448,53.92,high,low,9,namesilo,,,19/09/2026 17:15
78293765-aeff-4a42-8253-969c8ee22624,absurd.men,premium,437.5,62.5,high,low,6,name.com,,,
28a0075f-f1f5-4eea-a61a-e217edc79c6a,pervious.men,available,5.98,9.48,medium,low,8,namecheap,,,08/09/2026 18:09
a32df9dc-921d-4f6a-b9e4-0454325cb58d,tingling.men,available,5.25,6.25,high,low,8,namesilo,,,11/09/2026 15:29
df638887-7d44-4e6b-a583-45a81023ade4,contacted.men,available,5.25,6.25,medium,low,9,namesilo,,,28/09/2026 00:26
a26bd28e-33a4-4567-a66d-014c63b80abd,auroral.men,available,5.25,6.25,medium,low,7,namesilo,,,22/09/2026 13:08
f6397a6f-01db-4fe4-8ffb-517e3bdbe2ff,misunderstood.men,available,5.25,6.25,medium,low,13,namesilo,,,29/09/2026 02:48
6d3d0f29-0db3-456f-8d43-64cd884bd97b,materially.men,available,5.25,6.25,medium,low,10,namesilo,,,15/09/2026 13:37
5ce4f34e-039b-439a-9e10-e1b24c311436,syntactic.men,available,5.25,6.25,medium,low,9,namesilo,,,11/09/2026 06:39
8d813c4b-8ffe-443d-bf10-0130dd056a73,dioecious.men,available,5.25,6.25,medium,low,9,namesilo,,,14/08/2026 08:20
359398f1-70db-49f2-95b3-ac68f0530a19,bigness.men,available,5.25,6.25,medium,low,7,namesilo,,,23/09/2026 15:14
a5d74f5e-4101-489e-927f-43b01f0770d5,rubbed.men,available,5.25,6.25,medium,low,6,namesilo,,,17/09/2026 07:54
efb481e9-d38c-463e-8274-2454723f2ecb,tubeless.men,available,5.98,9.48,medium,low,8,namecheap,,,11/09/2026 20:58
5c4b3a87-680c-4a19-8249-7c77db30f98f,vhf.men,premium,,,high,low,3,,,,28/09/2026 02:03
5d3c7f97-7077-4037-8624-964808cd9730,nicole.men,available,,,high,low,6,,,,
9411d0ec-b290-4dee-8f1d-3f5d9f575c89,vigilant.men,premium,448,53.92,high,low,8,namesilo,,,04/09/2026 16:01
5de37166-aba7-4fa3-956c-6e83c4d6a48e,erotism.men,available,5.25,6.25,medium,low,7,namesilo,,,18/09/2026 16:15
791a6cee-eb82-4ce5-8b87-3a2cee0ed11f,geoffrey.men,available,5.98,9.48,medium,low,8,namecheap,,,25/09/2026 13:35
40f7239f-c5f4-468b-8826-07bf1c141064,taipeh.men,available,5.25,6.25,medium,low,6,namesilo,,,24/09/2026 12:26
f8fd19c6-cd00-4522-8a24-567a14bcf83a,arpent.men,available,5.25,6.25,medium,low,6,namesilo,,,20/09/2026 08:38
b1ec2742-1f06-4790-8cca-a888c183c7b7,aspidistra.men,available,5.98,9.48,medium,low,10,namecheap,,,20/09/2026 15:15
dd1a4cec-330b-412f-8148-d9f7109f5e8c,indelibly.men,available,5.25,6.25,medium,low,9,namesilo,,,15/09/2026 07:53
a59f9e94-94e2-45f7-a00e-14fe8187cd29,heartleaf.men,available,5.25,6.25,medium,low,9,namesilo,,,20/09/2026 12:53
ac0462c0-1bf9-4f2b-9595-625f8eac4825,gram.men,available,,,high,low,4,,,,
bf601de5-a4c7-47cb-970b-e044e182a4f9,venter.men,available,5.98,9.48,medium,low,6,namecheap,,,16/09/2026 14:46
07ebecb7-ffa3-4ed8-82fd-940646c39ca9,suitcase.men,premium,362.45,51.95,high,low,8,spaceship,,,28/09/2026 06:48
4b7b3761-4821-4437-9cc6-8a7a3835ac8d,exclude.men,available,5.98,9.48,high,low,7,namecheap,,,22/09/2026 03:43
34d4aa1a-395f-497b-877d-9a7344786e56,asiatic.men,available,5.25,6.25,medium,low,7,namesilo,,,07/08/2026 02:29
3efc4e97-bc69-4937-9787-effac3d06ba8,nose.men,available,,,high,low,4,,,,
dbd6f975-9abe-4607-a3a6-2d89c22d0cac,folks.men,available,5.98,9.48,high,low,5,namecheap,,,24/09/2026 16:34
ab7f328e-cb1e-41d9-ab46-0c4899dd68b7,unduly.men,available,5.25,6.25,medium,low,6,namesilo,,,16/09/2026 10:01
20853f48-2017-4af6-b510-06eca9f027bb,wry.men,premium,625,81.25,high,low,3,name.com,,,22/08/2026 10:08
c1ba83e3-aea8-499c-83f6-5fac377c5012,whiney.men,available,5.25,6.25,medium,low,6,namesilo,,,09/09/2026 08:35
c580d558-e9d2-49ca-8bab-ffe91b9b543f,wintery.men,available,5.25,6.25,medium,low,7,namesilo,,,13/09/2026 12:39
69e9f4de-b4c9-49a2-ae41-1a15618f41b1,glittery.men,available,5.25,6.25,high,low,8,namesilo,,,
5f9fb29e-e37f-4622-8377-e42e6add25fd,epitope.men,available,5.98,9.48,medium,low,7,namecheap,,,19/09/2026 14:25
7d8b32ad-7854-4ee5-9ec0-dde48c14347e,dispersal.men,available,5.25,6.25,high,low,9,namesilo,,,24/09/2026 22:58
59a7a838-943e-4b27-a5b1-aaf6d6996ac0,washy.men,available,5.25,6.25,medium,low,5,namesilo,,,10/08/2026 13:56
e9cc6992-8ef4-4621-a6ef-07b514e6f3ca,stink.men,premium,437.5,,high,low,5,name.com,,,
bbf83166-d576-4535-9768-7f6b208cd054,moonstruck.men,premium,437.5,62.5,medium,low,10,name.com,,,24/08/2026 11:18
dcae33b6-0240-4076-9871-dd17d382f464,clx.men,premium,625,81.25,medium,low,3,name.com,,,
e336c93f-fcf0-4f01-82aa-029182758ad6,unimposing.men,available,5.25,6.25,medium,low,10,namesilo,,,12/09/2026 13:12
2b4b36b3-7fc2-4faa-9a98-14acac2ab12d,alignment.men,premium,455,65,high,low,9,namecheap,,,18/09/2026 07:47
f8f09504-467e-44bc-a3fe-bac1175263c7,aggravated.men,available,5.25,6.25,medium,low,10,namesilo,,,
a0a4257d-cbdc-4e27-a6d1-272b622d4a66,coaster.men,premium,116,29.5,high,low,7,namesilo,,,28/09/2026 18:46
b7db0abc-4edb-42d3-960b-fc176a6a6965,anxious.men,available,4.32,5.35,high,low,7,spaceship,,,27/09/2026 21:59
d5f09bbc-e532-4f4e-a2cf-57d0224b77f1,column.men,premium,448,53.92,high,low,6,namesilo,,,19/09/2026 04:50
15b63329-caae-493a-bd58-b3ca2b91795b,portuguese.men,resell,,,high,low,10,"NameSilo, LLC",05/06/2016 19:27,05/06/2027 19:27,26/09/2026 08:15
bc171730-d2a5-4fff-8393-a64f1e8315f2,tierce.men,available,5.25,6.25,medium,low,6,namesilo,,,
c6b2b236-4c24-4d07-8ee3-de3fc93c218c,residential.men,premium,,,high,low,11,,,,29/09/2026 03:03
de048e8b-0054-402b-940d-07651e03c1ed,layer.men,available,,,high,low,5,,,,
1c0686a3-2d55-4e49-b7ba-7c77dc366251,autotroph.men,available,5.25,6.25,medium,low,9,namesilo,,,21/09/2026 07:36
c188328a-61f2-479d-9822-1987e46923eb,hexad.men,available,,,medium,low,5,,,,
dbd212bd-e063-4626-b94f-4c42f0cf47ac,downturn.men,available,5.25,6.25,medium,low,8,namesilo,,,24/09/2026 23:42
76daea52-feac-4d19-845a-ed0cbded3d9a,snicker.men,available,5.25,6.25,medium,low,7,namesilo,,,
f0543d5a-e1ad-4a7a-870a-c12f4a92b8c9,cimmerian.men,available,5.25,6.25,medium,low,9,namesilo,,,12/08/2026 08:11
465da26c-4d3b-44c5-bfa7-5fc73898ef22,clip.men,premium,10350.2,103.7,high,low,4,spaceship,,,28/09/2026 01:38
0eceba2d-cb86-4190-99ab-9769f3d5867d,multiflora.men,premium,455,65,high,low,10,namecheap,,,21/09/2026 13:38
0d6c9d71-c2fa-40ac-a3af-15272d85554a,reversive.men,premium,448,53.92,medium,low,9,namesilo,,,09/09/2026 16:11
83c18785-13cf-4462-9918-16107383600f,arrangements.men,available,5.25,6.25,medium,low,12,namesilo,,,27/09/2026 10:40
05da0aae-8087-46f7-a7eb-c3b70a3ab00b,ballot.men,available,5.25,6.25,high,low,6,namesilo,,,21/09/2026 23:15
b3b89eae-8c67-44cc-b992-ef843a10b6c3,untouched.men,premium,448,53.92,high,low,9,namesilo,,,12/09/2026 13:20
9fed7551-c16a-4974-8aa3-f16f1c4ffd29,volvo.men,premium,437.5,,high,low,5,name.com,,,
06fe673d-9d53-4824-aa58-ba8e3718d846,contempt.men,available,5.25,6.25,medium,low,8,namesilo,,,
343ca5b2-f760-4058-b34a-f2a8354d70e5,patronize.men,available,5.25,6.25,high,low,9,namesilo,,,18/08/2026 15:08
33e60877-9568-4d32-91cc-c1dfbe0a260f,came.men,premium,116,29.5,high,low,4,namesilo,,,
eb1f7ddf-c73a-4279-9532-19a30b96e9cc,aperiodic.men,available,5.25,6.25,medium,low,9,namesilo,,,05/08/2026 22:30
4ec69909-cca2-4179-8728-57d406e22f1e,bicycler.men,available,5.25,6.25,high,low,8,namesilo,,,23/09/2026 13:23
36b42bed-e448-4a78-8f40-460a3965a9b8,oddly.men,available,5.25,6.25,medium,low,5,namesilo,,,28/09/2026 14:28
58a32e63-997b-40cf-9242-761b4318312b,architecture.men,premium,362.45,51.95,high,low,12,spaceship,,,28/09/2026 17:04
6e23cd79-b29d-4acd-8b50-f95dea61e104,stolen.men,premium,448,53.92,high,low,6,namesilo,,,26/09/2026 00:36
d21a0811-db1b-45b9-9b4a-7ed40ab229fa,bailey.men,premium,437.5,62.5,high,low,6,name.com,,,21/09/2026 19:05
8de1bea9-0c8b-4c08-a1aa-f073cdd213f0,oysters.men,available,5.25,6.25,medium,low,7,namesilo,,,20/09/2026 03:31
2633fd82-e5b8-4056-826f-3b338fda0a32,primeval.men,premium,448,53.92,high,low,8,namesilo,,,09/09/2026 02:02
7bd70da5-14f3-4f21-a4b3-c99b66b7d797,jocund.men,available,5.25,6.25,medium,low,6,namesilo,,,22/08/2026 13:40
d1054bb4-babc-49fd-8c35-cb985a20a486,noble.men,available,,,high,low,5,,,,
c7b181cc-b1f2-4d9a-a070-221544aaf55b,milano.men,available,4.32,5.35,high,low,6,spaceship,,,28/09/2026 14:52
470ac924-8466-4cb5-9474-3462b5f12372,sanitary.men,available,5.98,9.48,high,medium,8,namecheap,,,09/09/2026 21:16
63ca32d4-55d9-4afd-a156-2d7785be7185,shaking.men,available,5.25,6.25,medium,low,7,namesilo,,,28/09/2026 09:33
c7419859-99e3-4e10-a31c-7948f5f83e8f,richelieu.men,premium,448,53.92,medium,low,9,namesilo,,,20/09/2026 06:31
6bec89e4-267d-4bc6-8586-7958a1baaa63,bearings.men,premium,448,53.92,medium,low,8,namesilo,,,20/09/2026 03:51
0aafd737-b61e-48af-a513-4f26a9373cdf,flowerbed.men,premium,448,53.92,high,low,9,namesilo,,,22/09/2026 22:58
af88c997-ae0c-4b34-b58d-738e8a64f864,vertex.men,premium,448,53.92,high,low,6,namesilo,,,19/09/2026 16:44
c6bf7b65-9699-4251-9bec-50d2cedfa4ec,swain.men,premium,448,53.92,medium,low,5,namesilo,,,22/09/2026 21:56
a84ad795-9e21-4a33-8a84-3346d97e8a15,apolune.men,available,5.98,9.48,medium,low,7,namecheap,,,19/09/2026 18:55
e448c64a-aa62-4e50-9fa3-f37e4ae17bc9,waterfowl.men,available,5.25,6.25,high,low,9,namesilo,,,19/09/2026 17:39
f79c36d1-01b8-4e15-9d64-65181982cfbf,specular.men,available,5.25,6.25,medium,low,8,namesilo,,,25/08/2026 01:15
2cb8c763-0aa6-4fd5-93bc-f53d0afcde8e,propitious.men,available,5.25,6.25,high,low,10,namesilo,,,09/09/2026 03:38
79d23565-8ee5-4833-a010-de018cdc60e8,reporter.men,premium,448,53.92,high,low,8,namesilo,,,25/09/2026 09:33
b2be9069-5cbe-4b45-ad05-b677aa8364a7,waldo.men,premium,362.45,51.95,medium,low,5,spaceship,,,27/09/2026 20:38
8f1e473d-20e6-4b68-830d-6f937af298db,holidays.men,available,5.98,9.48,high,low,8,namecheap,,,20/09/2026 04:47
3b17d075-175f-4a83-a450-0eb89c144271,rgb.men,premium,625,,high,low,3,name.com,,,
0cc6e313-43a6-4635-90db-eb825c7f289c,acrosome.men,available,5.98,9.48,medium,low,8,namecheap,,,17/09/2026 03:58
79c0340d-7803-4f6a-bd56-d06e2d92f163,confession.men,premium,455,65,high,low,10,namecheap,,,
386b3207-d2bd-4caa-89de-7ee3bfe2786f,collegial.men,available,5.25,6.25,medium,low,9,namesilo,,,12/08/2026 17:06
e369a9c4-1355-4847-a168-cc4e0dff3062,dominance.men,premium,362.45,51.95,high,low,9,spaceship,,,28/09/2026 22:25
0b854c7e-fda6-4418-9e4f-c01790abdf1e,trusting.men,available,5.25,6.25,high,low,8,namesilo,,,11/09/2026 20:47
d2650d33-8ae3-4538-b965-78c9640fd2ab,asheville.men,available,5.25,6.25,high,low,9,namesilo,,,20/09/2026 13:49
7803b5da-71b4-49ae-bfdd-6af397d79414,trigonal.men,premium,437.5,62.5,medium,low,8,name.com,,,09/09/2026 16:45
d8bed367-9bb9-41d6-81ad-498e3f21adeb,tobias.men,premium,437.5,62.5,high,low,6,name.com,,,27/09/2026 07:33
b5b261e1-a6ca-4750-be91-c49dec915864,adaptative.men,available,5.25,6.25,high,low,10,namesilo,,,21/09/2026 16:59
bf1de0a2-cb70-4b20-8bf4-55bccfbcab2f,exists.men,available,5.25,6.25,medium,low,6,namesilo,,,27/09/2026 02:40
24affb28-117c-4d7a-a11b-6094feb6ca89,blacksburg.men,available,5.98,9.48,medium,low,10,namecheap,,,24/09/2026 02:57
e7303243-9675-4fb5-bbe7-3eb85c333094,sailors.men,available,5.25,6.25,medium,low,7,namesilo,,,28/09/2026 13:06
b5a97276-b057-4788-95c1-c2e2edb34c23,turds.men,available,5.25,6.25,low,low,5,namesilo,,,18/09/2026 11:32
eb2ff15d-53a3-4617-a2be-822f741eed4d,dreyfus.men,available,5.98,9.48,medium,low,7,namecheap,,,18/09/2026 06:30
a8e53fa9-0623-474c-bd14-5211286e2514,octagonal.men,available,5.25,6.25,medium,low,9,namesilo,,,04/09/2026 00:37
213023c4-5b97-4215-8427-3659ded4bf3c,referees.men,available,5.25,6.25,medium,low,8,namesilo,,,20/09/2026 11:54
d67a05b7-bf27-4d73-bd14-eef22d63f6cd,improperly.men,available,5.25,6.25,medium,low,10,namesilo,,,15/09/2026 04:32
d29e6ba9-cd8a-4a51-afd0-c70d8dd1e45c,auld.men,available,5.25,6.25,medium,low,4,namesilo,,,07/08/2026 17:21
70f44904-3f07-4697-b92d-96ecf8d35d1e,stonewalls.men,available,5.25,6.25,low,low,10,namesilo,,,20/09/2026 14:03
de32ff91-5bce-4e64-9736-c6fddb91d02c,yielded.men,available,5.25,6.25,medium,low,7,namesilo,,,18/09/2026 03:02
4bc7843b-24b4-4ee8-af13-c8daac57c9c9,broccoli.men,available,4.32,5.35,high,low,8,spaceship,,,29/09/2026 04:00
5d73ef5a-828b-4936-87d6-9944c6be1570,resignation.men,available,9.48,,high,low,11,namecheap,,,
bc38f3a4-0cfa-4ea7-b3fa-5073b177e76b,arnold.men,premium,455,65,high,low,6,namecheap,,,20/09/2026 08:16
b28a4707-6ea6-4886-aa51-f5d2735332ca,spinning.men,premium,448,53.92,high,low,8,namesilo,,,27/09/2026 05:29
a49bc3c6-2725-467d-b704-d57f0840bffc,regret.men,available,,,high,low,6,,,,
488551b3-19eb-4549-ab8f-3dab31277d3f,unbacked.men,available,5.25,6.25,high,medium,8,namesilo,,,10/09/2026 08:27
e5679465-4b5e-4997-a4c6-6078ec713645,bavarian.men,premium,437.5,62.5,medium,low,8,name.com,,,09/08/2026 02:00
2287c3d9-85d1-4701-aa84-e1cffe93ef9d,valve.men,premium,448,53.92,high,low,5,namesilo,,,28/09/2026 11:02
c9d03f13-e451-4b52-82e6-7770bdd8f602,prototype.men,premium,385,55,high,low,9,dynadot,,,28/09/2026 14:03
ce2c4474-816c-404b-b513-d98e7d9d243e,behaviours.men,available,5.98,9.48,medium,low,10,namecheap,,,20/09/2026 22:06
fa6ae566-2e70-4b78-80b1-98d4707df5c9,punctuate.men,premium,448,53.92,high,low,9,namesilo,,,16/09/2026 21:54
388ad4ad-7055-483c-9c63-e6394dbcb3a5,khalid.men,available,4.18,5.18,medium,low,6,cloudflare,,,28/09/2026 22:21
84a1d7e9-6036-48f2-8d79-fa9b18cbd503,uncolored.men,available,5.25,6.25,medium,low,9,namesilo,,,12/09/2026 02:06
9168187b-3f26-478c-8dda-d56f44e81167,stative.men,available,5.98,9.48,medium,low,7,namecheap,,,10/09/2026 19:14
09d88b60-b298-498c-90ba-33b9fb4726e0,overlooked.men,available,5.98,9.48,medium,low,10,namecheap,,,04/09/2026 21:04
e5af69f5-f7e4-45b7-b0ae-3b309c3aaadf,neotenic.men,available,5.25,6.25,medium,low,8,namesilo,,,03/09/2026 15:31
b09aa790-8046-4e80-9bc7-12c3b33b8328,predacious.men,available,5.25,6.25,high,medium,10,namesilo,,,09/09/2026 01:21
78b050d5-08fc-4be4-98d1-84fd7431a188,kilogramme.men,available,9.48,,medium,low,10,namecheap,,,
dbeb95ce-4f45-40ee-8cd3-15812f165efc,peaty.men,available,5.25,6.25,medium,low,5,namesilo,,,08/09/2026 11:28
838acd14-b6bc-40b7-aea6-bc13710b7cc5,avenger.men,premium,448,53.92,high,low,7,namesilo,,,21/09/2026 08:56
5b518ec4-a0e3-43c4-a14d-1820027ddd4b,smuggled.men,available,5.98,9.48,medium,low,8,namecheap,,,22/09/2026 21:31
a0f887ff-a2d0-48d7-b7b0-b7d6221a21a9,escapade.men,premium,448,53.92,high,low,8,namesilo,,,17/09/2026 10:37
f310b9a8-01c8-4b87-ad5f-9fb241ad23e9,adorable.men,premium,650,84.5,high,low,8,namecheap,,,21/09/2026 19:18
1920de7f-58ac-4ef8-a27b-bf9ba824650f,pinstriped.men,available,5.98,9.48,high,medium,10,namecheap,,,08/09/2026 19:51
ec2e9d35-35c6-4cd8-af8b-434b79d1756c,annals.men,available,5.25,6.25,high,low,6,namesilo,,,19/09/2026 10:05
28923a37-6c83-4101-bb8c-1084dff08416,randomly.men,available,5.25,6.25,medium,low,8,namesilo,,,13/09/2026 20:35
bb5f7174-3c25-422f-87b5-33dd97db6176,britten.men,available,5.98,9.48,medium,low,7,namecheap,,,23/09/2026 08:15
b1ed5967-583e-4f2e-bbed-f31250351da4,colleagues.men,available,5.98,9.48,medium,low,10,namecheap,,,18/09/2026 23:15
39b950d8-5885-44b7-a80f-de076e888971,sofa.men,premium,130,32.5,high,low,4,namecheap,,,24/09/2026 18:34
ab0724ba-3aa1-4c7f-a28d-2c1f2c21d5b7,alqaeda.men,available,5.25,6.25,medium,low,8,namesilo,,,18/09/2026 00:59
29ec7d16-79a3-4b3e-9d98-e38ccd3d9d16,beebread.men,available,5.25,6.25,medium,low,8,namesilo,,,18/09/2026 17:24
8b10f6f9-a55d-4945-b358-b73743c670f8,stroll.men,premium,455,65,high,low,6,namecheap,,,18/09/2026 16:59
639a6c39-08c3-4885-9af1-da0b8350faac,clinquant.men,available,5.25,6.25,medium,low,9,namesilo,,,12/08/2026 11:08
d21275c6-f653-44fd-ae1a-1000f28e6631,baguette.men,premium,362.45,51.95,high,low,8,spaceship,,,29/09/2026 00:33
0892de7c-774e-4381-b76c-3b2234b7b397,waterborne.men,premium,448,53.92,medium,low,10,namesilo,,,13/09/2026 08:36
8ee4cbaf-f35b-484e-9e1e-209a4b3d91a4,affluent.men,premium,3450,116,high,low,8,namesilo,,,21/09/2026 21:54
dc0eb17a-9f8b-4fd0-9fd0-d5d58a698bdd,troops.men,available,5.25,6.25,high,low,6,namesilo,,,25/09/2026 23:43
bf181825-8f9e-4b05-9602-c9772a51ad39,dandy.men,premium,116,29.5,high,low,5,namesilo,,,08/08/2026 12:30
6183d355-4846-47af-9e6d-ab58a2835281,bmdo.men,available,5.25,6.25,medium,low,4,namesilo,,,21/09/2026 22:57
9debe5ea-fe63-40b7-bb20-73cf5d38093c,baseness.men,available,5.98,9.48,medium,low,8,namecheap,,,22/09/2026 10:25
10c00cee-9542-4d26-8adb-57e7eeb4bd2c,biogenetic.men,available,5.98,9.48,medium,low,10,namecheap,,,10/08/2026 01:12
dfa8ac93-a180-4f9c-b801-5c24a67dc304,rip.men,premium,640,77.35,high,low,3,namesilo,,,27/09/2026 07:10
b977a7d9-3bcc-4cb5-9e30-0e788203d3ba,addresses.men,available,9.48,,medium,low,9,namecheap,,,
f90c8b94-8146-4fbc-ae5c-f9d3391d2dc3,taxi.men,premium,1107,116,high,low,4,namesilo,,,24/09/2026 11:29
cb56ea70-cfe4-4709-aa95-2c4eacc91906,atavist.men,premium,448,53.92,medium,low,7,namesilo,,,11/09/2026 14:58
35e198da-abf5-402f-badf-92b0dcd43326,amorpha.men,available,5.25,6.25,medium,low,7,namesilo,,,18/09/2026 22:43
a5793697-eaee-4b97-bbac-8dbe6dd8f750,anolis.men,premium,448,53.92,medium,low,6,namesilo,,,19/09/2026 11:23
bf246a80-1aa0-4830-923e-6e155fb1a6dd,diametral.men,available,5.25,6.25,medium,low,9,namesilo,,,14/08/2026 05:54
fdbe1d3d-7006-4acf-a67a-69abed0d2054,yuck.men,premium,116,29.5,high,low,4,namesilo,,,
ed041c2b-a144-487f-a16a-03664d6e617c,nicaean.men,available,5.25,6.25,medium,low,7,namesilo,,,03/09/2026 16:59
63e24e95-ae62-4f5d-ac65-af9fab721dfd,signaling.men,available,5.25,6.25,high,medium,9,namesilo,,,10/09/2026 08:00
45595a0b-010b-4087-96d3-98ef659028e1,sion.men,premium,103.7,26.08,high,low,4,spaceship,,,28/09/2026 06:03
a8681932-924a-4b09-823f-50dbfce7b014,supervised.men,available,5.25,6.25,high,low,10,namesilo,,,11/09/2026 02:26
5242c19e-f2e3-42e7-af24-b7ec229ca7c1,upriver.men,available,5.25,6.25,medium,low,7,namesilo,,,12/09/2026 23:26
8b621675-8e98-48ec-a86b-8b3d7ed36d24,bricole.men,available,5.25,6.25,medium,low,7,namesilo,,,20/09/2026 00:36
ed161b3f-eab2-406d-8e64-87ab16588f6c,actifed.men,premium,448,53.92,high,medium,7,namesilo,,,17/09/2026 04:37
c2262148-4f8a-4eff-b201-ea85344da766,cheeky.men,premium,437.5,62.5,high,low,6,name.com,,,11/08/2026 02:26
4f3a343c-213a-40fe-86db-39f25d1d39ca,salted.men,available,5.25,6.25,high,low,6,namesilo,,,11/08/2026 04:21
ce580b7c-284a-41d7-b619-0053210292d9,tricksy.men,available,5.25,6.25,medium,low,7,namesilo,,,13/08/2026 04:36
fea032f1-ec7a-4b26-9302-b26c567b5bdf,push.men,available,,,high,low,4,,,,
7918e8ca-cee3-42c9-bdcd-c85f99272818,awed.men,premium,116,29.5,medium,low,4,namesilo,,,08/08/2026 00:44
8a608a1f-798d-45df-a112-0ee20713aa93,sounded.men,available,5.25,6.25,medium,low,7,namesilo,,,
c21bd8b7-60ac-413e-b2ec-f63f6629878a,noiseless.men,available,5.98,9.48,medium,low,9,namecheap,,,03/09/2026 18:13
896da00a-e460-4b4c-93df-14308bddce68,acceptance.men,premium,448,53.92,high,low,10,namesilo,,,16/09/2026 22:01
3eb08f0b-052c-4b45-81a7-e2d9282dfcd6,daydream.men,premium,448,53.92,high,low,8,namesilo,,,17/09/2026 22:00
c8dd78eb-1bdc-441d-a54f-44fa180e6715,adaptable.men,premium,448,53.92,high,low,9,namesilo,,,21/09/2026 16:52
edea873d-e87d-4b0f-9244-b86afd8fc405,actinium.men,available,5.98,9.48,medium,low,8,namecheap,,,16/09/2026 19:56
c440e4e8-134c-4b33-ad56-0e8981bc1eaa,decently.men,available,5.98,9.48,medium,low,8,namecheap,,,13/08/2026 21:14
f35ad886-683c-4fa2-a090-ae899529223f,packaged.men,available,5.25,6.25,high,low,8,namesilo,,,04/09/2026 22:44
82b886ba-4967-40fc-846a-7ceaa68c2010,explicitly.men,available,5.25,6.25,medium,low,10,namesilo,,,14/09/2026 17:07
306431e6-ec13-4641-97ee-f5a9028cf6f3,batty.men,premium,625,81.25,medium,low,5,name.com,,,06/08/2026 20:35
00b1ab1a-eb9c-4cf7-bb11-9c4e1fa5b883,fruitfully.men,available,5.98,9.48,medium,low,10,namecheap,,,14/09/2026 20:27
a0340d93-7c25-4b38-a792-9a98d9e6b4d8,layman.men,available,5.25,6.25,medium,low,6,namesilo,,,10/09/2026 01:24
76137e23-29b1-40b9-9c58-0d6d1dd86e88,salamanca.men,available,4.18,5.18,medium,low,9,cloudflare,,,28/09/2026 16:27
ca7923e3-87d0-43d5-af57-1de40a3b8819,blower.men,available,5.25,6.25,medium,low,6,namesilo,,,12/08/2026 01:06
c314e033-1c45-4f00-8ed3-903325899d29,appendix.men,available,5.98,9.48,high,low,8,namecheap,,,19/09/2026 20:40
fe0e2654-8a17-4514-900e-8aeb71e83e85,phantasy.men,premium,437.5,62.5,high,low,8,name.com,,,17/08/2026 21:58
c3c915b0-93f1-4561-8937-f5fa94036888,perfected.men,premium,448,53.92,high,low,9,namesilo,,,27/09/2026 03:35
7f9887ab-5e72-435c-8cb8-84972915a923,rutledge.men,premium,362.45,51.95,medium,low,8,spaceship,,,29/09/2026 01:29
250cf9ff-9074-4eb2-9995-1f77223dd34c,appeals.men,available,4.32,5.35,low,low,7,spaceship,,,28/09/2026 23:39
e2d0ea1a-7fad-4ae2-85cb-11e63e74cdae,wormy.men,available,5.25,6.25,medium,low,5,namesilo,,,13/08/2026 06:43
6ac0b8da-fd36-4541-bb75-c92d9c96b157,slyly.men,available,5.25,6.25,medium,low,5,namesilo,,,14/09/2026 09:08
3f8bee8d-5a1e-4f56-b1fa-a3a483728fd9,labile.men,available,5.25,6.25,medium,low,6,namesilo,,,22/08/2026 17:32
f3ce912e-afc1-403f-a58b-a8a2296b0d06,trophy.men,premium,437.5,,high,low,6,name.com,,,
602ad2c5-0d36-4250-9830-29bd78c1bb6b,cathy.men,premium,448,53.92,high,low,5,namesilo,,,17/09/2026 16:36
038db160-9c68-4f55-bdd9-bd34cfdfd8eb,lakewood.men,available,4.32,5.35,medium,low,8,spaceship,,,28/09/2026 16:53
c0a3fe7e-1dbc-43bc-b185-741668c29e25,crabwise.men,available,5.25,6.25,medium,low,8,namesilo,,,13/08/2026 04:14
9378b9fc-b4d0-4c85-96d8-79d3e1518e82,gaslit.men,available,5.25,6.25,medium,low,6,namesilo,,,17/09/2026 16:25
b11204c5-c43e-4c5b-874c-ecca9acd38dd,cornish.men,premium,437.5,62.5,high,low,7,name.com,,,13/08/2026 01:42
9b635b89-080e-4afa-8229-e85fd1b1d35f,fate.men,available,,,high,low,4,,,,
1490287e-fd54-4531-8647-be29907af409,liam.men,available,,,high,low,4,,,,
ee3d0b9a-d8d6-4017-b284-721e9ee26eb7,zoo.men,premium,640,77.35,high,low,3,namesilo,,,26/09/2026 00:33
fd98b610-7973-49b7-9314-dcba8c852bb7,shenandoah.men,premium,,,medium,low,10,,,,27/09/2026 21:14
4bcd7bcb-e649-4b55-bf33-a6134bab78ed,uniquely.men,available,5.25,6.25,high,low,8,namesilo,,,16/09/2026 10:06
4bc232d5-cdcd-4b23-a890-e959d3436404,neutered.men,available,5.25,6.25,medium,low,8,namesilo,,,03/09/2026 16:35
2a7e7c87-cb18-4212-ba16-a2c0b94da1cc,undo.men,premium,103.7,26.08,high,low,4,spaceship,,,29/09/2026 02:46
c5891dce-901a-43e6-bbb1-ff604f18df3c,amusingly.men,available,5.25,6.25,medium,low,9,namesilo,,,13/09/2026 19:40
a87b4589-23f0-4e92-9633-80b6cbf153c2,shepherd.men,premium,,,high,low,8,,,,28/09/2026 03:05
4791a11b-0dfd-40d8-8b0e-0c67e540bc18,dingdong.men,premium,448,53.92,high,low,8,namesilo,,,14/09/2026 12:47
06470da5-3ef7-4d20-b672-0d952aa049d3,aerodrome.men,premium,455,65,high,low,9,namecheap,,,17/09/2026 12:58
8a9086fa-507e-4fd3-8d69-d2ec29c2a92e,window.men,premium,437.5,,high,low,6,name.com,,,
c8e49c9d-82a4-4a9d-ad72-910d08c1182c,lodged.men,available,5.25,6.25,medium,low,6,namesilo,,,18/09/2026 14:44
31cbc865-3d8a-4dde-b5c8-1bf20142cf49,experience.men,premium,437.5,,high,low,10,name.com,,,
73b7866a-7ab4-454c-9021-a61c93489ac3,cheating.men,premium,6250,125,medium,low,8,name.com,,,12/08/2026 03:32
9e3d6a32-035c-4d85-85b3-c9f25977f119,crashed.men,available,5.25,6.25,low,low,7,namesilo,,,27/09/2026 11:29
7b88b535-6a3d-40bb-9d3a-98cad5eb1efc,vales.men,available,5.25,6.25,medium,low,5,namesilo,,,21/09/2026 02:12
44541f7c-3ad8-472c-b9cd-ea42844468c6,garret.men,available,,,medium,low,6,,,,
c406b127-9adf-4541-8663-61a13900842d,wasteland.men,premium,437.5,62.5,medium,low,9,name.com,,,08/08/2026 21:11
2f25cf7d-2416-4930-8847-58f07544666b,cakes.men,available,5.25,6.25,medium,low,5,namesilo,,,28/09/2026 13:16
5270d666-d62b-4e1c-992a-39372d87dd7e,baseline.men,premium,448,53.92,high,low,8,namesilo,,,22/09/2026 10:15
a8f4c983-d816-46e6-b9f9-7907ba7df82b,menacingly.men,available,5.25,6.25,medium,low,10,namesilo,,,15/09/2026 14:03
f5650149-1990-4e23-9d7f-451178f36dee,baptist.men,premium,640,77.35,high,low,7,namesilo,,,22/09/2026 03:32
91ab2bb8-c201-4a65-a8a9-33f9dd00d74a,outdated.men,available,5.25,6.25,medium,low,8,namesilo,,,26/09/2026 03:15
b1850231-1e5f-4ad8-ad24-04681c1868e2,ingenuous.men,available,5.25,6.25,medium,low,9,namesilo,,,06/08/2026 23:41
77976542-c95b-4980-a594-32187522c364,bonneville.men,premium,455,65,medium,low,10,namecheap,,,28/09/2026 16:50
8becbb53-b25e-4cda-8642-8fa34facd8d8,pugnacious.men,available,5.25,6.25,medium,low,10,namesilo,,,21/08/2026 00:21
4670d206-1bc3-424d-a55e-4f605dd7594d,fibreoptic.men,available,5.25,6.25,medium,low,10,namesilo,,,18/08/2026 03:14
17a25a59-f070-4aa5-a0f1-36dbefc67874,backward.men,available,5.98,9.48,high,low,8,namecheap,,,22/09/2026 15:53
e0b16094-1d48-44ad-aa72-d4cde65488d7,hedonistic.men,available,5.25,6.25,medium,low,10,namesilo,,,21/08/2026 05:56
2b805308-6bfe-4fa5-aa71-e3e10f2fbce9,charmed.men,premium,625,81.25,high,low,7,name.com,,,09/08/2026 09:57
5d310109-42f9-4635-8395-8f36418e688f,contemplating.men,available,5.25,6.25,low,low,13,namesilo,,,18/09/2026 04:50
3975ff0b-e5be-4ef8-b115-3eee3ae37b83,reasonless.men,available,5.25,6.25,medium,low,10,namesilo,,,11/08/2026 22:42
983ae789-2e3e-494f-a5f8-61e17c804700,curtis.men,available,5.25,6.25,high,low,6,namesilo,,,25/09/2026 04:28
e3ab3ca9-253e-452c-8696-0eb90021bd2f,phlegmatic.men,available,5.98,9.48,medium,low,10,namecheap,,,08/09/2026 18:53
8f687817-7681-4a59-afa1-6817a5950150,strikingly.men,available,5.98,9.48,high,low,10,namecheap,,,16/09/2026 07:22
a99f7df4-f5ed-4444-bd42-bb77c50e3852,airmanship.men,available,5.25,6.25,medium,low,10,namesilo,,,17/09/2026 23:16
51d9ee9a-8c49-4de6-b167-e8c0acad600c,ascesis.men,available,24.99,37.99,medium,low,7,name.com,,,20/09/2026 13:10
f36c4d01-0f2e-4520-86e5-9be4a319c361,agenesis.men,available,5.25,6.25,medium,low,8,namesilo,,,17/09/2026 17:08
68ae1bc1-f465-43a7-a1aa-9e65679fdbf4,cytolytic.men,available,24.99,37.99,medium,low,9,name.com,,,13/08/2026 14:42
53d7108a-f174-452c-9810-6fa2a7f07c53,cramped.men,available,5.25,6.25,medium,low,7,namesilo,,,13/08/2026 04:47
5ac5af41-8f3b-4da7-b071-34818d01ebec,rarefy.men,available,5.25,6.25,medium,low,6,namesilo,,,07/08/2026 15:31
75e3ce90-269d-4dbd-acee-2a3b7cc67ed8,aortic.men,available,5.25,6.25,medium,low,6,namesilo,,,05/08/2026 21:54
acdcccae-75a4-496b-830b-21ec63457f52,ungraded.men,available,5.25,6.25,medium,low,8,namesilo,,,14/08/2026 09:06
825e8646-ee13-48a3-a812-43af828c5aeb,cerebral.men,premium,437.5,62.5,high,low,8,name.com,,,12/08/2026 00:30
b3c938f8-4a83-4902-ab7a-5e1ff65a8252,shipping.men,available,5.25,6.25,high,low,8,namesilo,,,28/09/2026 08:55
48ed12ca-d8b5-43b5-adb7-eac9e707a2ad,senescence.men,available,5.98,9.48,medium,low,10,namecheap,,,17/09/2026 16:52
8d5b90be-e570-483a-843c-3a3b54fa481a,compliant.men,available,5.25,6.25,high,low,9,namesilo,,,23/09/2026 17:44
40cd57bc-9164-4ced-b455-369bb5984af9,disused.men,available,5.25,6.25,medium,low,7,namesilo,,,14/08/2026 13:28
6f716e06-7ebc-4c51-b9a2-40b704e38b81,footballs.men,available,5.25,6.25,medium,low,9,namesilo,,,20/09/2026 06:56
3c873e01-8353-46ba-9cee-0aa4e0d4e596,society.men,premium,382.61,55.11,high,low,7,porkbun,,,29/09/2026 01:43
1d85cc21-1e8c-4382-8927-22acd921c408,least.men,available,5.25,6.25,high,low,5,namesilo,,,25/09/2026 13:24
dd0f9028-c6a5-43ad-8055-782a5e234892,extended.men,premium,437.5,62.5,high,low,8,name.com,,,14/08/2026 18:31
3569e719-8e2e-45d8-a08c-2ba2ef01d874,bandmaster.men,available,5.25,6.25,high,low,10,namesilo,,,22/09/2026 01:26
1c4e6968-1df1-4f33-b54a-681a5ad77f78,serves.men,available,5.25,6.25,medium,low,6,namesilo,,,18/09/2026 11:42
a9679dd8-ae88-4038-aa2a-c4f1cd73fd40,bid.men,premium,517.7,67.48,high,low,3,spaceship,,,29/09/2026 02:29
1fb306f4-3894-4164-b9bf-b5f05cef89d4,delay.men,available,,,high,low,5,,,,
829d81c4-5cc8-4a9c-a50b-6f865014408b,posted.men,available,5.25,6.25,high,low,6,namesilo,,,09/09/2026 00:21
59409efd-1fb5-4855-9a0a-3d12db97c047,hornless.men,available,5.25,6.25,medium,low,8,namesilo,,,21/08/2026 14:06
be9a1bc0-b466-451a-bcd6-e314e1519989,rooms.men,available,,,high,low,5,,,,
3f705f08-be00-4a36-aad7-b709adf5228a,donation.men,available,5.25,6.25,high,low,8,namesilo,,,25/09/2026 09:31
d8407056-e17e-497a-bf9f-683c31ce376e,touchy.men,available,5.25,6.25,medium,low,6,namesilo,,,21/08/2026 14:42
4bb6d30c-e63b-4989-9c4d-2cf7f93fc081,kindred.men,available,,,high,low,7,,,,
07fd261b-c198-4f4c-af3c-0ebda6d43ae7,blatant.men,premium,437.5,62.5,medium,low,7,name.com,,,10/08/2026 13:31
04fc3726-0628-41bd-99a1-751e7b7eafe0,unstressed.men,available,5.25,6.25,medium,low,10,namesilo,,,12/09/2026 20:37
69950789-28b6-4666-9b76-852e5900623b,actuate.men,premium,448,53.92,high,low,7,namesilo,,,09/09/2026 03:15
40124b13-7903-4130-8aef-1da192534f8a,severed.men,available,24.99,37.99,medium,low,7,name.com,,,13/08/2026 12:32
d5670dbc-0097-426d-b822-6a9378ad67b6,barman.men,premium,448,53.92,medium,low,6,namesilo,,,22/09/2026 06:19
86810c74-2e15-437e-ba0c-94d058d2a60a,razorback.men,premium,448,53.92,medium,low,9,namesilo,,,09/09/2026 10:48
95694163-a664-4931-b378-1ce3ea1d889f,balinese.men,available,5.25,6.25,high,low,8,namesilo,,,21/09/2026 22:03
82d0b7ca-80bf-4ec1-83c0-42d93eae240f,skimp.men,premium,448,53.92,medium,low,5,namesilo,,,09/09/2026 22:34
b3f36107-7b7a-49d6-8066-c7b52482fe08,sag.men,premium,625,,high,low,3,name.com,,,
7214f0d2-53d1-4054-ba87-5064600717d9,rejected.men,available,24.99,37.99,medium,low,8,name.com,,,25/09/2026 11:50
c9ee303b-02e0-4dc1-b803-12e683f50c46,april.men,premium,455,65,high,medium,5,namecheap,,,28/09/2026 21:59
2d565893-12b4-4c6c-b4f8-89c6b9f25a53,variably.men,available,5.25,6.25,medium,low,8,namesilo,,,16/09/2026 10:46
9672b687-b62c-4c8d-8a12-4c9f1ca103f3,spacetravel.men,available,5.25,6.25,high,low,12,namesilo,,,
76d8577c-6d80-43e3-aeb0-d410f36a4bd8,clare.men,premium,448,53.92,high,low,5,namesilo,,,29/09/2026 03:17
91f2803a-8b49-43c9-b849-2d7d2f22a5c9,satisfy.men,available,,,high,low,7,,,,
920e976c-2225-44e1-a706-57844b74efa4,bound.men,premium,640,77.35,high,low,5,namesilo,,,22/09/2026 07:27
19f74bb9-0ecc-4c2a-986b-93370b09d837,ragweed.men,available,5.25,6.25,medium,low,7,namesilo,,,23/09/2026 08:50
eeb7eff5-6a5c-4e29-be42-57ed3c58a0f0,baptism.men,premium,448,53.92,high,low,7,namesilo,,,22/09/2026 03:27
c1e40a7c-d0c5-4316-aab6-f1005568efe7,fractious.men,available,5.25,6.25,medium,low,9,namesilo,,,18/08/2026 13:53
f55c0928-87a1-45e5-9475-8303d905fcd8,stretch.men,premium,650,84.5,high,low,7,namecheap,,,21/09/2026 20:13
dbca5c49-2ec6-4625-93bd-eb398c18c8a7,asserted.men,available,5.25,6.25,medium,low,8,namesilo,,,07/08/2026 05:54
ffb7aaf2-b8e8-4bd8-97b8-18284427e83e,undetected.men,available,5.25,6.25,medium,low,10,namesilo,,,12/09/2026 07:57
051dd904-cc04-4bbe-a7ca-fe0311a5b1ac,sprucely.men,available,5.25,6.25,high,low,8,namesilo,,,15/09/2026 15:17
b42b5686-d2f2-4a72-8798-619d416c26fd,increase.men,premium,437.5,,high,low,8,name.com,,,
d38e29d0-924c-43aa-93b1-46acc4c2d54f,passports.men,premium,448,53.92,medium,low,9,namesilo,,,20/09/2026 09:52
b769d354-f7a7-45cc-a616-53babba83e1a,attachments.men,premium,455,65,medium,low,11,namecheap,,,21/09/2026 01:43
4bee2755-ddef-4058-a4d5-e37d8040a842,cooler.men,premium,455,65,high,low,6,namecheap,,,24/09/2026 18:05
d3b293e4-9e35-4f90-9327-877b583a8599,resources.men,resell,,,high,low,9,Dynadot Inc,30/04/2017 23:28,30/04/2027 23:28,26/09/2026 08:38
7e3ec984-6d2c-4264-a927-653f902efad6,herbaceous.men,available,5.25,6.25,medium,low,10,namesilo,,,21/08/2026 06:56
6f7ac902-122b-4b5c-93f3-4c063e8dd780,arcella.men,available,5.25,6.25,medium,low,7,namesilo,,,20/09/2026 01:41
11d25518-d0b4-46da-8dc5-1c3fb458d7b1,dexterous.men,available,5.25,6.25,high,low,9,namesilo,,,13/08/2026 23:51
9c0bdea3-68fb-4b90-be8e-f3a349240c81,mandatory.men,premium,455,65,high,low,9,namecheap,,,23/09/2026 18:22
8e4b18f8-5ee3-4dd3-a0b4-6ae0c57c640f,charlestown.men,premium,448,53.92,medium,low,11,namesilo,,,28/09/2026 12:26
0f08b635-6630-4c15-b9e8-c0dab748235b,popular.men,resell,,,high,low,7,Dynadot Inc,30/04/2017 23:45,30/04/2027 23:45,27/09/2026 04:30
b4e1cc0f-4144-4427-b6f1-d784870b293a,concealing.men,available,5.98,9.48,high,low,10,namecheap,,,12/08/2026 19:52
71e25ff2-e806-49c7-82f4-0a723687311d,proceeded.men,available,5.25,6.25,medium,low,9,namesilo,,,18/09/2026 01:36
89aa7feb-4748-4685-bd99-781df55401ec,deary.men,available,24.99,37.99,medium,low,5,name.com,,,13/08/2026 18:21
87aabb3f-3057-45c9-86a4-b3ad0ffa014a,stoppers.men,premium,455,65,medium,low,8,namecheap,,,20/09/2026 12:45
2d11e5c8-ce07-4100-b676-cef4af62067e,roughneck.men,premium,437.5,62.5,medium,low,9,name.com,,,11/08/2026 08:43
80bdd3d6-2683-4718-97d3-938a6c4306cf,noon.men,available,,,high,low,4,,,,
5a13a266-ba8c-48e6-9096-06075bc4f95a,bookkeeping.men,available,5.25,6.25,high,low,11,namesilo,,,28/09/2026 02:35
bee680ac-d48d-4f40-bab3-3454ad14711e,hypothesis.men,premium,382.61,55.11,high,low,10,porkbun,,,29/09/2026 02:33
fe8f4ef4-94e5-4ac9-b320-11ed73a46db0,plutonium.men,premium,448,53.92,high,low,9,namesilo,,,21/09/2026 00:12
04304e7c-8a3c-44ca-824e-4c30b3576e28,newsworthy.men,premium,448,53.92,high,low,10,namesilo,,,03/09/2026 16:53
add6c483-0a0a-46e7-8e7a-55158f7075ec,dumbstruck.men,available,5.98,9.48,medium,low,10,namecheap,,,14/08/2026 21:06
6d25bb3c-bec3-4bea-ad38-1e3bc18b07a3,kwhr.men,available,5.25,6.25,high,low,5,namesilo,,,21/09/2026 11:57
f1ec2d48-1de3-4395-8298-e9743bd7c84d,leering.men,available,24.99,37.99,medium,low,7,name.com,,,25/09/2026 05:58
88831fba-3db3-4e78-b8bc-e32a3d391d64,medially.men,available,5.25,6.25,medium,low,8,namesilo,,,15/09/2026 13:54
76665425-f5d3-4e47-a306-0bc89b856860,slavelike.men,available,5.25,6.25,medium,low,9,namesilo,,,10/09/2026 10:32
0b342e38-78d8-4ca8-b2db-ddbd05a17d8f,difference.men,premium,437.5,,high,low,10,name.com,,,
b41738ab-41be-45fa-b44e-d5bd51090e66,audit.men,available,24.99,37.99,high,low,5,name.com,,,21/09/2026 03:05
bfc3b897-0f72-4b75-9e07-9daa64c1d251,named.men,available,5.25,6.25,high,low,5,namesilo,,,
24c7eb97-76f2-45aa-b094-56f74e540ea0,ranted.men,available,5.25,6.25,low,low,6,namesilo,,,20/09/2026 16:55
e65e46b4-a98f-49f7-a31e-f2453a18cd81,stay.men,premium,116,29.5,high,low,4,namesilo,,,24/09/2026 23:21
ab11779b-deb2-433f-b39d-8a253a0a9241,specter.men,premium,448,53.92,high,low,7,namesilo,,,08/09/2026 18:41
d3362e8a-e3f6-4089-b144-2ef0431464d1,tenuous.men,available,5.25,6.25,medium,low,7,namesilo,,,11/09/2026 11:41
32120406-a81c-4cbe-8107-810ea0277624,villainous.men,available,5.25,6.25,medium,low,10,namesilo,,,03/09/2026 14:59
2421e945-6ddb-488c-9079-d66ea8459e32,fought.men,available,5.25,6.25,medium,low,6,namesilo,,,
a2a510a1-6217-4abf-bc08-9504f279d4ce,coworker.men,premium,448,53.92,high,low,9,namesilo,,,24/09/2026 16:09
34bcce2c-5ee4-4c0d-a510-0d8e7797acfc,estimating.men,available,5.25,6.25,medium,low,10,namesilo,,,
752a95f0-80e9-4a7d-9492-c5268358b117,aerolite.men,premium,448,53.92,medium,low,8,namesilo,,,17/09/2026 13:06
a744ce28-b227-48ae-bd8e-3af6593c1429,quartet.men,available,,,high,low,7,,,,
a37ef212-ed2c-4d2f-8521-8dac1f5d41b1,candour.men,available,24.99,37.99,high,low,7,name.com,,,24/09/2026 12:03
536222d0-dcdf-4d9b-9760-cc3b04659cb2,damien.men,premium,385,55,medium,low,6,dynadot,,,28/09/2026 21:57
7157d82c-ed26-4c8b-b234-baf87d72a064,apartment.men,premium,448,53.92,high,low,9,namesilo,,,19/09/2026 16:17
17a8b4e0-db6a-4bb8-81f1-62963bcd26f9,tears.men,premium,448,53.92,high,low,5,namesilo,,,24/09/2026 02:29
bbda9ad9-362f-4b61-aea6-abe04be25545,programs.men,available,5.25,6.25,medium,low,8,namesilo,,,28/09/2026 08:58
df81463b-dd06-4f2c-8964-3dc15eac857c,draconian.men,premium,437.5,62.5,medium,low,9,name.com,,,14/08/2026 18:10
cee68b46-6fe2-40fe-9e9b-9601171a75cb,cometic.men,available,5.98,9.48,medium,low,7,namecheap,,,12/08/2026 18:58
e6223922-6446-4c7a-9f62-b34eb1041227,dslr.men,available,5.25,6.25,high,low,4,namesilo,,,
4d003f0a-eca3-4988-a4a1-cc4ccf1deca6,seaborgium.men,available,5.25,6.25,medium,low,10,namesilo,,,20/09/2026 22:06
a353b62d-7cf9-4159-9bde-221d27d7a81a,pernickety.men,available,5.98,9.48,medium,low,10,namecheap,,,08/09/2026 17:52
453d1483-5794-426a-a490-c962c4c0a0a1,aloha.men,available,5.98,9.48,high,low,5,namecheap,,,18/09/2026 13:08
aa9fbe26-7073-4c67-8a56-bfa81a3c2caf,cynic.men,premium,455,65,medium,low,5,namecheap,,,24/09/2026 20:49
0edfd4dd-f727-4b37-8edf-b2c8800f833c,fragmented.men,available,5.25,6.25,medium,low,10,namesilo,,,14/08/2026 13:27
67b7d2a5-19e8-4204-b45c-02b85ee816da,worn.men,premium,116,29.5,high,low,4,namesilo,,,23/09/2026 12:58
0a51b782-f913-46f3-9525-b0ced2d3e489,drily.men,available,5.25,6.25,medium,low,5,namesilo,,,14/09/2026 14:23
246f0fc0-38af-41b1-b0fd-93afc641126f,olmsted.men,available,4.18,5.18,medium,low,7,cloudflare,,,28/09/2026 19:15
5647e576-b1f5-45f7-a2c0-f907641b7f94,operational.men,available,4.48,5.55,medium,low,11,dynadot,,,28/09/2026 07:11
7b349dd3-1f6d-45e1-acb5-cc1e654a2206,rig.men,premium,640,77.35,high,low,3,namesilo,,,20/09/2026 11:18
1cfeef6e-5985-4998-b21e-d99525242b10,benzene.men,available,5.25,6.25,high,low,7,namesilo,,,23/09/2026 08:52
9b711851-9d01-465f-8efc-ccfbf8cc43ab,costa.men,premium,,,high,medium,5,,,,28/09/2026 18:47
0e5a8346-cc2d-4e09-b7e5-71178da0f4b8,huston.men,available,4.32,5.35,medium,low,6,spaceship,,,28/09/2026 14:28
85a2508e-a9ee-422c-9f74-47ecaf98ec2f,replacement.men,available,5.25,6.25,high,low,11,namesilo,,,
ab60cba4-d26c-4048-a220-b6892c9cfc72,tuchman.men,available,5.25,6.25,medium,low,7,namesilo,,,22/09/2026 04:24
9b09965c-70f2-4fc4-864c-387591df7d89,abor.men,available,5.25,6.25,medium,low,4,namesilo,,,16/09/2026 16:36
7a406e36-749c-44ae-b598-e3679ae370a4,brooks.men,available,5.25,6.25,high,low,6,namesilo,,,24/09/2026 10:47
7d0fe7fe-6231-4e90-888c-ef2d09b824de,decelerate.men,available,5.25,6.25,medium,low,10,namesilo,,,10/09/2026 11:21
9c8983b8-ca32-441f-bc28-572814181058,allopathy.men,available,5.25,6.25,medium,low,9,namesilo,,,18/09/2026 12:00
5e956eb5-c033-41f6-aec7-5748e24ca43e,defensible.men,available,5.25,6.25,medium,low,10,namesilo,,,13/08/2026 23:11
72aa50ce-9b08-46c5-b921-515ad24a4348,invigorate.men,premium,448,53.92,high,low,10,namesilo,,,22/09/2026 04:52
0afeb66f-d3c7-41df-949a-03899b8dfd50,ngo.men,premium,640,77.35,high,low,3,namesilo,,,27/09/2026 04:51
845bcb0f-d888-4ded-bd49-3f8916348334,refunds.men,available,5.98,9.48,medium,low,7,namecheap,,,20/09/2026 14:13
1887c70d-3e13-4f37-84c0-23d7e96e089b,unwritten.men,premium,448,53.92,high,low,9,namesilo,,,04/09/2026 17:17
8aee43b3-6bc5-439a-ba1a-c908c6275fae,snowed.men,available,5.25,6.25,medium,low,6,namesilo,,,20/09/2026 16:23
7c5178e3-928d-4ea6-b2f2-c933b7ad95a9,dick.men,available,,,high,low,4,,,,
a4367c7e-762b-4e9f-b50d-1efa82b3aae3,cooper.men,available,5.25,6.25,high,low,6,namesilo,,,22/09/2026 08:17
f697844d-493c-4dfb-a869-cabb736cb1e2,coverage.men,premium,437.5,,high,low,8,name.com,,,
44143d83-c053-4cb3-913d-f1c4bbf5a04e,negligent.men,available,5.25,6.25,medium,low,9,namesilo,,,03/09/2026 15:07
8998225a-0454-411e-855e-dae959331d56,totality.men,premium,437.5,62.5,high,low,8,name.com,,,
6de993b2-2867-40d1-80ec-b471e76dd2fd,amoeba.men,premium,448,53.92,medium,low,6,namesilo,,,18/09/2026 17:41
9c6bd24e-d429-49b5-a85e-9886e196ab26,roger.men,available,,,high,low,5,,,,
f7b29006-a27d-44fd-a5e2-59e673c36b4a,karlsruhe.men,available,4.32,5.35,medium,low,9,spaceship,,,28/09/2026 12:19
7f03e402-4c9a-47d8-a0f8-2be9e30281bb,ominous.men,available,5.98,9.48,medium,low,7,namecheap,,,24/08/2026 20:00
6008d3a5-ccad-4719-994d-b4d79dd89497,arame.men,available,5.25,6.25,medium,low,5,namesilo,,,19/09/2026 23:56
f424134e-535e-4cdf-9296-d6e8ddf11b2e,fetal.men,available,5.25,6.25,medium,low,5,namesilo,,,18/08/2026 02:16
7e383104-4570-4258-aeb0-7432ea5074f2,hurried.men,available,5.25,6.25,medium,low,7,namesilo,,,21/08/2026 15:45
974df817-a1d4-46e2-a689-b0334527fc33,riemannian.men,available,5.25,6.25,medium,low,10,namesilo,,,09/09/2026 17:21
04bea7a3-a528-4641-9eff-a34dcdb7cb3d,strasbourg.men,premium,448,53.92,medium,low,10,namesilo,,,27/09/2026 15:59
875006c3-87ab-40f2-bc17-89fdc4ac1537,lifeless.men,available,5.25,6.25,medium,low,8,namesilo,,,17/08/2026 15:52
cd4668ba-09a0-41d8-bc7d-1fc23710ab3f,barmy.men,available,5.25,6.25,medium,low,5,namesilo,,,06/08/2026 20:25
45a3bb73-6ced-4470-88bb-885f84f12def,litigate.men,available,5.98,9.48,medium,low,8,namecheap,,,17/09/2026 05:06
94ed5cea-4f5b-445b-9426-1f14ee8545b6,bowfin.men,available,5.98,9.48,medium,low,6,namecheap,,,18/09/2026 21:19
54dfa715-d49d-48c0-913c-d410ec5f3289,agleam.men,available,5.25,6.25,medium,low,6,namesilo,,,
96e4570c-e558-42aa-93ef-b0c73fdff8a6,amused.men,premium,437.5,62.5,high,low,6,name.com,,,
f94e08d1-66ee-4d24-a8fd-227f92c2a391,argentic.men,available,5.98,9.48,medium,low,8,namecheap,,,06/08/2026 18:06
b3cda023-184f-4a1c-8373-e759c3717d7f,spite.men,available,5.25,6.25,high,low,5,namesilo,,,23/09/2026 22:22
5654cf27-0007-4997-903a-5f90b29e42d5,childhood.men,available,5.25,6.25,high,low,9,namesilo,,,
476a8af9-e964-42f1-8083-18e30df41d0e,artfulness.men,available,5.25,6.25,high,low,10,namesilo,,,20/09/2026 10:34
3f443ca3-fe5a-48b7-9d93-92d79e9f1fa8,doings.men,available,5.25,6.25,medium,low,6,namesilo,,,23/09/2026 03:17
d82557a4-6f6c-4359-a045-3fd0af1e991e,banality.men,available,5.98,9.48,medium,low,8,namecheap,,,12/08/2026 19:14
c84cda14-7f9e-459d-b857-e61058f8d23a,her.men,premium,625,,high,low,3,name.com,,,
321d00de-1871-42eb-953d-6b0d8cca3d62,flipping.men,premium,455,65,high,low,8,namecheap,,,17/09/2026 18:25
81d8a4df-2520-433d-9ef3-644aff0e558d,rumansh.men,available,5.25,6.25,high,medium,7,namesilo,,,09/09/2026 18:32
2f819509-3c92-4389-8af9-455e0f0cf1cb,historical.men,premium,448,53.92,high,low,10,namesilo,,,24/09/2026 10:25
e3404115-1528-4408-93cf-4b1a6dcb0c83,branded.men,premium,1107,116,high,low,7,namesilo,,,23/09/2026 02:22
bc256759-27f2-47c1-90cd-0687aea3689a,televised.men,available,5.98,9.48,high,low,9,namecheap,,,21/09/2026 05:39
6bcacfd5-7485-428f-a6a1-2b0da29dca1e,ameba.men,premium,448,53.92,medium,low,5,namesilo,,,18/09/2026 17:40
96a29a8f-8682-41dd-b030-964126cd3f27,truelove.men,premium,448,53.92,medium,low,8,namesilo,,,10/09/2026 19:36
73cefab0-6505-4d27-9676-a2c39367580a,manufacture.men,available,4.32,5.35,high,low,11,spaceship,,,28/09/2026 21:00
c3532e1f-cb14-4f1d-a376-877cbecc8482,titivate.men,available,5.25,6.25,high,low,8,namesilo,,,10/09/2026 16:59
a2342b44-f77a-469b-982b-52e2b2b3ba28,basiliscus.men,available,5.25,6.25,medium,low,10,namesilo,,,22/09/2026 10:53
1d5fbcf5-8852-43ee-b6e4-c2b48b162611,misleading.men,available,5.25,6.25,medium,low,10,namesilo,,,25/08/2026 01:34
7b2daf9c-f2f4-447a-896d-64acba473ea9,ammo.men,premium,130,32.5,high,low,4,namecheap,,,18/09/2026 22:06
deb6acaa-dc6c-4708-b5c0-85517713ae25,explosive.men,premium,437.5,62.5,high,low,9,name.com,,,17/08/2026 18:33
d182b992-99fb-4c74-82cf-73f5a4cd36b4,gassy.men,available,5.25,6.25,medium,low,5,namesilo,,,12/08/2026 16:36
f36428c3-fef7-4a13-b23f-10089be8a3cd,paranoid.men,premium,448,53.92,high,low,8,namesilo,,,08/09/2026 01:06
d84029b4-71c3-4327-b265-4ff4928b92cd,spencer.men,premium,362.45,51.95,high,low,7,spaceship,,,27/09/2026 14:02
2ed53c5a-024c-47db-8690-eeab76cb3493,bearwood.men,premium,437.5,62.5,medium,low,8,name.com,,,22/09/2026 20:58
fcfadc16-f04f-42f7-b834-c132c500c008,reinforced.men,available,5.98,9.48,high,low,10,namecheap,,,23/09/2026 10:25
3bd83a07-379e-42ae-a1b9-76b8e9fd5e43,trips.men,premium,448,53.92,medium,low,5,namesilo,,,27/09/2026 22:50
45affcb6-1bde-4912-8fbe-64bc5c4b425f,blaeberry.men,available,5.25,6.25,medium,low,9,namesilo,,,23/09/2026 15:39
7250aad3-d7e5-4cfd-8ee1-03cc11e9e814,properly.men,premium,437.5,62.5,medium,low,8,name.com,,,13/08/2026 21:12
5acc55b2-f38c-4e1f-902c-227984978ee1,senators.men,premium,448,53.92,low,low,8,namesilo,,,29/09/2026 05:32
b1f28925-cd12-4b92-9d96-7cc7fc46a98a,wilcox.men,premium,448,53.92,medium,low,6,namesilo,,,27/09/2026 01:45
f250cadd-aa37-47c9-8cce-43ad83908972,php.men,premium,517.7,67.48,high,low,3,spaceship,,,29/09/2026 03:43
2b46ad17-f344-4126-9275-f75779831351,benefic.men,premium,437.5,62.5,medium,low,7,name.com,,,09/08/2026 14:18
e7cbadaa-0641-46c1-b707-ffadd733e149,maltese.men,available,5.25,6.25,high,low,7,namesilo,,,24/08/2026 14:15
03315c58-f848-4e2e-9c7b-29458c6c54ca,youthful.men,premium,448,53.92,high,low,8,namesilo,,,13/09/2026 04:18
9cd02067-e3c9-44c3-a518-d3b9d4451827,unsinkable.men,available,5.98,9.48,medium,low,10,namecheap,,,12/09/2026 19:58
9e860d2c-0db5-4ef7-937d-d5bb87734596,unpowered.men,available,5.25,6.25,medium,low,9,namesilo,,,12/09/2026 17:18
f87068a9-1284-4769-9f8e-310a5eff8059,adapid.men,available,5.25,6.25,low,low,6,namesilo,,,17/09/2026 06:24
e77bf591-3fe1-4b91-8a77-b7e6407975fb,astacus.men,available,5.25,6.25,medium,low,7,namesilo,,,20/09/2026 16:51
7ec92ad1-896d-40a6-9615-e29997b28b34,plenteous.men,premium,437.5,62.5,medium,low,9,name.com,,,08/09/2026 21:08
3d49fa57-dc48-40ea-8397-fc22b9b0952e,mongolian.men,available,5.25,6.25,high,low,9,namesilo,,,25/08/2026 04:47
dce0d472-e66c-4a3b-a342-6e8f5c4e3ddf,weather.men,premium,1107,116,high,medium,7,namesilo,,,23/09/2026 02:29
7c8d30ce-5029-4c02-bdc5-ac52a9994442,babylonia.men,available,5.98,9.48,high,low,9,namecheap,,,21/09/2026 13:51
57d40b46-cf9b-4bdf-adc1-313a462eda6e,usefully.men,available,5.98,9.48,medium,low,8,namecheap,,,16/09/2026 10:28
c881c5cc-714e-4963-9bb0-ff9398bd3c27,frederick.men,available,4.32,5.35,high,low,9,spaceship,,,28/09/2026 01:56
7ab1ea3f-8919-4842-9159-1c2b89f07ad2,zirconium.men,premium,448,53.92,medium,low,9,namesilo,,,20/09/2026 23:04
2b899911-ceb0-44a3-8070-c0f2a87c45c5,archean.men,available,5.25,6.25,medium,low,7,namesilo,,,06/08/2026 15:05
e5c5f6e4-077f-4966-b0f7-bb4e2a29b76d,anticipate.men,premium,437.5,,high,low,10,name.com,,,
e6d818af-deb4-4eaf-bcac-a03715c5fe15,crevice.men,available,5.25,6.25,high,low,7,namesilo,,,13/08/2026 04:16
79e2acda-a1c6-4526-aff5-ebc008759c72,skilful.men,available,5.25,6.25,high,low,7,namesilo,,,21/09/2026 17:29
62863cae-db4e-43e4-90d7-8f870d9792e9,cologne.men,premium,1107,116,high,low,7,namesilo,,,24/09/2026 16:20
e5d52a8b-f497-45d3-a58a-2c491211fac2,trio.men,premium,116,29.5,high,low,4,namesilo,,,21/09/2026 13:05
aad87a74-9ca5-45da-9446-c143b00bb4c6,sacral.men,available,5.98,9.48,high,medium,6,namecheap,,,09/09/2026 20:38
a7ae24a6-35e9-4af1-b679-2a0b7f38c8ed,frizzly.men,available,5.25,6.25,medium,low,7,namesilo,,,18/08/2026 16:06
9fcd33ba-5dd9-4a7e-9e4c-56ad240075b2,astylar.men,available,5.25,6.25,medium,low,7,namesilo,,,07/08/2026 10:15
9d8b2cc4-51ed-4ed0-9b0f-54111a037885,kurrat.men,available,5.98,9.48,medium,low,6,namecheap,,,18/09/2026 11:14
13fa377e-b699-4fb2-8d7f-b2a3a0c6cb84,frosted.men,available,5.25,6.25,high,low,7,namesilo,,,18/08/2026 16:22
466eb242-cfef-4401-ad9d-7431496beb78,diminished.men,available,5.25,6.25,medium,low,10,namesilo,,,07/08/2026 15:00
5f1a1114-f82d-4120-8175-5f7323bf02a5,accordance.men,premium,448,53.92,high,low,10,namesilo,,,16/09/2026 23:00
a5c7c562-5d7c-46b2-9ccf-bf280eeda626,roads.men,available,,,high,low,5,,,,
956de1d2-bbb3-431b-9780-ed335d27a830,lunisolar.men,available,5.25,6.25,medium,low,9,namesilo,,,24/08/2026 11:31
260d7741-0160-490a-99c3-78a24f4a5f85,two.men,premium,640,77.35,high,low,3,namesilo,,,28/09/2026 12:14
8b1356a9-fc84-4474-8f83-b565c717a2ed,conforming.men,available,5.98,9.48,high,low,10,namecheap,,,12/08/2026 21:11
5b915c5e-5a1e-4978-82d9-367b24b83000,turnabout.men,available,5.25,6.25,medium,low,10,namesilo,,,
15a28b1d-f3f7-4344-8777-0871be1207cf,chatoyant.men,available,5.25,6.25,medium,low,9,namesilo,,,12/08/2026 03:13
dfe33682-5198-455b-8832-b3e38c6affe2,smiling.men,premium,382.61,55.11,high,low,7,porkbun,,,27/09/2026 23:05
4c9ec071-86a2-40c8-921c-5799f4a4d7cc,bedcover.men,available,5.25,6.25,high,low,8,namesilo,,,22/09/2026 22:53
94314571-77fe-4009-a8f7-86d602e6dc64,castor.men,premium,448,53.92,medium,low,6,namesilo,,,18/09/2026 13:36
958a2242-46d0-4f04-a6ce-a11f55cea0ed,dextrous.men,available,5.25,6.25,medium,low,8,namesilo,,,13/08/2026 23:53
48399a74-2411-47fb-9e45-a66c5a4b41cc,potts.men,available,5.25,6.25,medium,low,5,namesilo,,,28/09/2026 04:13
260cad60-02bf-4456-a06d-b432c2d40a04,impelling.men,available,5.25,6.25,medium,low,9,namesilo,,,21/08/2026 22:04
664ae162-871c-4c10-8047-24693931ce08,sextuple.men,available,5.25,6.25,medium,low,8,namesilo,,,10/09/2026 05:19
d3432449-91e4-4989-939d-b6235d448c3c,depth.men,available,5.98,9.48,high,low,5,namecheap,,,28/09/2026 01:46
127f8453-c009-4e64-a5c9-5daf776d65c2,galilean.men,available,5.98,9.48,medium,low,8,namecheap,,,18/08/2026 19:37
0e7e0006-a353-46d1-a278-5ef49024deb3,arcadian.men,premium,437.5,62.5,high,low,8,name.com,,,06/08/2026 14:10
1641d59b-23c6-400c-b299-4f08c887e6e8,heritable.men,available,5.25,6.25,medium,low,9,namesilo,,,21/08/2026 07:08
9a66fdb2-1338-4219-8b5f-ba1417fcb357,basketry.men,available,5.25,6.25,medium,low,8,namesilo,,,22/09/2026 11:28
7d61aa53-9c78-4f88-820a-e7e082fac90b,colloquial.men,premium,437.5,62.5,medium,low,10,name.com,,,12/08/2026 17:14
65cc096e-27f7-4a8f-a65b-dde20c6dcaa9,unattached.men,available,5.25,6.25,medium,low,10,namesilo,,,18/08/2026 14:48
93a7352c-bd52-4366-9f33-390781db4594,redemptive.men,available,5.25,6.25,high,medium,10,namesilo,,,09/09/2026 12:19
01f0340f-22a9-4e45-9825-eeb3ce12c613,boiling.men,available,5.25,6.25,high,low,7,namesilo,,,14/09/2026 00:51
69f56085-e120-4d89-9d15-5c9c7ac907bb,electric.men,premium,448,53.92,high,low,8,namesilo,,,24/09/2026 13:44
4891aeb0-3d9d-4fec-b7ee-d69eda3b129d,fanned.men,available,5.25,6.25,medium,low,6,namesilo,,,17/08/2026 22:09
8680ffdc-70c9-453e-9f88-8f5ff11920c4,shush.men,available,,,medium,low,5,,,,
4b8fd338-baab-49ee-b3d5-7a34b5a12c80,lowered.men,available,5.25,6.25,medium,low,7,namesilo,,,25/09/2026 15:26
8caf39b6-279d-4599-9c5a-dfc3781818f1,czechoslovak.men,available,5.25,6.25,medium,low,12,namesilo,,,26/09/2026 03:18
af66c671-1b55-46ab-965d-e6cd90bb1dad,abominable.men,premium,437.5,62.5,medium,low,10,name.com,,,
7658d828-0170-49da-a06f-e81631018718,reference.men,premium,362.45,51.95,high,low,9,spaceship,,,28/09/2026 18:25
f4b3c3d6-3525-4973-83aa-c9a1f9797779,frightening.men,available,4.32,5.35,medium,low,11,spaceship,,,28/09/2026 11:19
3ab6e61e-0b12-41ce-9e6c-c17a9143d0c9,downstairs.men,premium,437.5,62.5,high,low,10,name.com,,,14/08/2026 17:55
4fc7173d-51ce-448f-b19d-4c8fa2ec418b,moderate.men,premium,437.5,62.5,high,low,8,name.com,,,12/08/2026 00:16
a98d8d5f-ee43-44e3-8697-1e3fe79f6e24,brainstorm.men,premium,448,53.92,high,low,10,namesilo,,,24/09/2026 08:05
86ad93ee-4571-42b7-a3ad-f702b5d77164,arno.men,premium,116,29.5,high,low,4,namesilo,,,20/09/2026 08:12
fff416a3-9e14-4e1f-ae27-c190ffc89fb9,gertrude.men,premium,362.45,51.95,medium,low,8,spaceship,,,28/09/2026 21:50
e2688848-c61e-4894-8c07-69680ba3a381,atopy.men,available,5.25,6.25,high,low,5,namesilo,,,21/09/2026 00:33
f3dbb4ae-d1b2-43fa-8a76-4daeab91ca68,heartless.men,premium,437.5,62.5,medium,low,9,name.com,,,21/08/2026 00:47
814b1939-9b2a-43ff-9d74-a52ac61f9f2c,algae.men,available,5.25,6.25,high,low,5,namesilo,,,18/09/2026 06:48
aa42c03e-fbb7-4f77-8080-ccfaa063ab3d,nugatory.men,available,5.25,6.25,low,low,8,namesilo,,,03/09/2026 22:26
65e36dd7-64ef-4a1a-9d53-615d4b34847e,opalescent.men,available,5.25,6.25,medium,low,10,namesilo,,,04/09/2026 15:43
d3261934-7711-4791-93a9-b21911785659,baldrick.men,available,5.25,6.25,medium,low,8,namesilo,,,21/09/2026 21:46
1e18a861-de2c-470d-bc0e-f07504d63a9b,aar.men,premium,640,77.35,medium,low,3,namesilo,,,16/09/2026 13:19
8698cd73-94c4-428b-9cc6-bb43d67d708c,impending.men,available,5.98,9.48,high,low,9,namecheap,,,21/08/2026 20:59
affeb7c9-f70a-4c3f-a8a3-a1f36fcefbd1,anhydride.men,available,5.25,6.25,medium,low,9,namesilo,,,19/09/2026 08:24
3ca4226a-dcde-43c8-a0e1-86ae6af86ad7,garrulous.men,available,5.25,6.25,medium,low,9,namesilo,,,12/08/2026 03:20
23156f9d-1237-45e7-830a-11dffc49af68,signally.men,available,5.25,6.25,medium,low,8,namesilo,,,16/09/2026 01:49
1197a60e-f6f1-411d-b185-8728ecb91fe4,sirach.men,available,5.25,6.25,medium,low,6,namesilo,,,23/09/2026 07:34
286fb328-9979-4674-a5cb-0e9e9cb9645d,recently.men,available,5.98,9.48,medium,low,8,namecheap,,,28/09/2026 16:05
2506db6b-a982-43e3-9752-5ec9445c7e79,monkish.men,available,5.25,6.25,medium,low,7,namesilo,,,25/08/2026 04:53
bc347f2d-2994-4352-91e3-fb735367f6a6,potently.men,available,5.98,9.48,medium,low,8,namecheap,,,15/09/2026 21:07
21062a41-5b17-4abf-b008-22383cfdf81d,blend.men,premium,455,65,high,low,5,namecheap,,,24/09/2026 05:37
ad61b165-f685-4a05-a31a-a99abe15e074,capacity.men,premium,455,65,high,low,8,namecheap,,,24/09/2026 12:12
bf724b6c-718b-4dc7-bef1-d61ae021aa88,slovenian.men,available,5.25,6.25,medium,low,9,namesilo,,,10/09/2026 11:19
7a875631-d172-4964-bde2-369da55f9d9c,performing.men,available,5.98,9.48,high,low,10,namecheap,,,
ce6710ec-40f6-4b5a-baf8-2a553afa9e3d,anorak.men,available,5.25,6.25,high,low,6,namesilo,,,19/09/2026 11:41
b055cb9a-f2cd-4394-81e6-a01b1ea0871f,offices.men,available,5.25,6.25,medium,low,7,namesilo,,,18/09/2026 05:07
81f49ccf-e13a-43a3-917c-51128ef606b7,rarified.men,available,5.25,6.25,medium,low,8,namesilo,,,17/08/2026 15:46
e37b48c2-f033-4343-aa4e-85d7494460ec,bizarre.men,premium,625,81.25,high,low,7,name.com,,,22/09/2026 21:11
6401f3dc-c242-4a8b-bedc-d87255885720,vat.men,premium,640,77.35,high,low,3,namesilo,,,17/09/2026 05:53
e156c745-efdb-4697-9820-5054369c76f2,millenary.men,premium,437.5,62.5,medium,low,9,name.com,,,24/08/2026 23:13
41175294-09be-4625-9aca-6eb81db045ea,persisting.men,available,5.25,6.25,high,low,10,namesilo,,,14/08/2026 15:05
4276c38d-5980-41c8-8b6f-18dd2abe8d9c,agio.men,premium,130,32.5,medium,low,4,namecheap,,,17/09/2026 18:01
73695f0c-3b54-440e-8a7c-407cbed26fab,spit.men,premium,130,32.5,medium,low,4,namecheap,,,15/09/2026 20:17
58da6142-e821-443e-8759-2a1a77987f34,remedial.men,available,5.25,6.25,high,low,8,namesilo,,,22/09/2026 02:24
17c7d172-ad0f-4f29-8b83-b3d20364dddb,candidly.men,available,5.25,6.25,medium,low,8,namesilo,,,14/09/2026 05:06
e65f2cc1-6c21-4ef8-a833-4b46e377c4e5,overdressed.men,available,5.98,9.48,medium,low,12,namecheap,,,16/09/2026 17:42
2e006a3b-d25e-4f21-9b50-48b0fe7594f0,pinkish.men,available,5.98,9.48,high,medium,7,namecheap,,,08/09/2026 19:46
7ba761f0-bfff-40b4-9e91-4ed6ca3651a6,stringent.men,available,5.25,6.25,medium,low,9,namesilo,,,10/09/2026 22:40
45d3b157-fa36-44e3-a5ea-79de7ff314f6,according.men,available,5.25,6.25,high,low,9,namesilo,,,
aefe0712-f2d1-4e9e-bc65-955e11dd34bd,negative.men,premium,448,53.92,high,low,8,namesilo,,,24/09/2026 11:09
fd404643-46ab-4eaf-9aa4-cec5b131390b,equipment.men,available,4.18,5.18,high,low,9,cloudflare,,,28/09/2026 02:33
5748e9f7-53bb-4699-a4ab-36da3065d484,dermal.men,available,24.99,37.99,high,low,6,name.com,,,13/08/2026 13:00
a89f86fc-8831-41cc-845d-6b06655f0f31,procter.men,available,4.32,5.35,medium,low,7,spaceship,,,29/09/2026 04:27
f6de67d1-228e-42ed-8bd3-13b884d7a9fe,unrefined.men,premium,437.5,62.5,medium,low,9,name.com,,,12/09/2026 17:28
ec32684e-1654-4292-91d5-f28311c74bf7,profanely.men,available,5.25,6.25,low,low,9,namesilo,,,15/09/2026 21:40
6e96b665-fa8b-4411-a686-3801925d0ad9,chimney.men,available,5.25,6.25,high,low,7,namesilo,,,
8691510c-2e6f-4a9e-96fc-cb9da20460a1,claimed.men,available,4.48,5.55,medium,low,7,dynadot,,,27/09/2026 23:56
832336f9-9d7f-4365-b64f-f4776e66fef9,buffet.men,premium,455,65,high,low,6,namecheap,,,19/09/2026 17:05
c2df80d4-cee1-4d9e-92ef-650994cd1dd5,basotho.men,available,5.25,6.25,medium,low,7,namesilo,,,22/09/2026 11:35
bd8c93c5-e3bc-44a9-858e-eeb439cf9f70,tumbling.men,available,5.25,6.25,high,low,8,namesilo,,,17/09/2026 03:22
cb98a2ef-8237-4659-ae84-7db8e6433f1b,botanic.men,premium,437.5,62.5,high,low,7,name.com,,,10/08/2026 20:46
b52a0e18-40ab-470c-bb93-3777a6096a50,absence.men,premium,448,53.92,medium,low,7,namesilo,,,28/09/2026 17:04
8afaadc3-573b-417e-925f-be4b6dd5c829,cheyenne.men,available,5.25,6.25,high,low,8,namesilo,,,24/09/2026 12:34
585576c7-7df8-492c-bfdd-dce215a21de1,conceal.men,premium,437.5,,high,low,7,name.com,,,
794d3bbb-5b5d-4faa-9a50-c94dda3e0953,obsessive.men,premium,448,53.92,high,low,9,namesilo,,,25/09/2026 23:45
a3e14caf-995b-4286-8c8a-fc1b5633db90,berkelium.men,available,5.25,6.25,medium,low,9,namesilo,,,21/09/2026 00:14
ef7dc0fa-50c1-4f17-8e58-decd9f8692dc,atrip.men,available,5.25,6.25,low,low,5,namesilo,,,07/08/2026 14:33
08d414f1-2ded-4495-832e-231c0dfe047e,friendless.men,available,5.25,6.25,medium,low,10,namesilo,,,18/08/2026 15:33
b99c0235-4460-4bf0-bc6a-b786918db758,invidious.men,available,5.25,6.25,medium,low,9,namesilo,,,22/08/2026 09:04
3d650279-c782-4d3d-b8e3-6fc76eb10374,woodsy.men,available,5.25,6.25,high,low,6,namesilo,,,06/08/2026 13:04
581ec6f8-24d0-421d-90af-097c0a584887,favourable.men,available,5.98,9.48,high,low,10,namecheap,,,24/09/2026 17:24
96939c08-9d0b-41b9-9773-0a988c363273,par.men,premium,,,high,low,3,,,,29/09/2026 00:49
55d54a7e-6ffc-4592-96e5-ee92c6d653b6,unfed.men,available,5.25,6.25,medium,low,5,namesilo,,,12/09/2026 10:04
b05cf391-4dd8-430f-aba4-3aaeea4348dd,sorcerous.men,available,5.25,6.25,medium,low,9,namesilo,,,24/08/2026 13:00
a3f60392-c4dc-49c1-a55a-f4dc97b0bf3d,cations.men,available,4.32,5.35,low,low,7,spaceship,,,28/09/2026 23:14
f1eb862b-ed62-45f9-9919-4bd2c169194a,nocturnal.men,premium,455,65,high,low,9,namecheap,,,03/09/2026 18:04
424dfff5-ab96-41d9-b3b9-24a0d52a89d5,neuronic.men,available,5.25,6.25,medium,low,8,namesilo,,,03/09/2026 16:21
d6424863-5c76-44df-9dd7-f6beffefbac4,autocue.men,premium,448,53.92,medium,low,7,namesilo,,,21/09/2026 06:14
7be82280-4f91-4c7a-9d9b-7c598e8a3883,neighbors.men,premium,448,53.92,high,low,9,namesilo,,,18/09/2026 09:55
d5d581d7-957b-4ae6-8da4-215a2c5e1fa2,aerobics.men,available,5.25,6.25,high,low,8,namesilo,,,17/09/2026 12:56
493a2ae8-7bf4-4799-ac05-21d322a92f18,usable.men,available,5.25,6.25,high,low,6,namesilo,,,12/09/2026 23:59
4649b308-786a-466c-8eb0-9b87867842f8,delirious.men,premium,437.5,62.5,medium,low,9,name.com,,,14/08/2026 00:44
6ebe25f3-f453-41a4-8477-fe10c6fc6e41,reject.men,available,5.98,9.48,high,low,6,namecheap,,,24/09/2026 20:15
ba49b4be-05a7-46f5-a083-cba3b5c3d662,motored.men,available,5.25,6.25,medium,low,7,namesilo,,,25/08/2026 08:30
5282de1d-91c0-42c2-8d10-9a024653597b,ixl.men,premium,625,81.25,medium,low,3,name.com,,,
6a1274c7-a14a-422e-b4e5-ae79758182de,accordant.men,available,5.25,6.25,medium,low,9,namesilo,,,
88325154-259c-4e25-b421-28e5f9928f6a,analyser.men,premium,448,53.92,high,low,8,namesilo,,,19/09/2026 01:57
3109bcb0-74c8-4fc7-be1f-19053431b82a,swop.men,premium,125,37.99,high,low,4,name.com,,,22/09/2026 08:57
bbb679a9-4147-4cdf-b779-1b834d63ba5d,champlain.men,premium,362.45,51.95,medium,low,9,spaceship,,,28/09/2026 01:38
08581717-e1d3-4f5a-8235-306af239b794,thirty.men,available,5.25,6.25,high,low,6,namesilo,,,
9d9a9f81-27f9-476f-aa8d-f70b63831180,station.men,premium,455,65,high,low,7,namecheap,,,25/09/2026 10:03
b5f434e6-a194-400a-a83b-ce8469b976bd,bailee.men,available,5.98,9.48,medium,low,6,namecheap,,,21/09/2026 19:04
9b238b70-1dbd-4b14-80f8-98892cb5cf26,their.men,premium,625,,medium,low,5,name.com,,,
6b65e33d-6f68-40b4-b2fa-ee66c622a81c,amberjack.men,premium,448,53.92,medium,low,9,namesilo,,,18/09/2026 16:35
8f81cdae-c9d6-4ee0-aa73-5d4a8d581260,oversea.men,available,5.25,6.25,medium,low,7,namesilo,,,04/09/2026 21:46
606832e8-7b37-49db-b537-072ac21350c4,restless.men,premium,385,55,high,low,8,dynadot,,,27/09/2026 12:53
136d7d3d-7e39-4d70-8a60-c5eec6e52cbc,aimlessly.men,available,5.98,9.48,medium,low,9,namecheap,,,13/09/2026 18:28
4e787d76-02be-468d-9e33-dbb95709e3a2,discordant.men,available,5.25,6.25,medium,low,10,namesilo,,,14/08/2026 10:00
c3119fd5-eb52-4284-afd1-d031996a074b,gee.men,premium,625,,high,low,3,name.com,,,
1762a0e1-8f1c-4462-acc0-84f34e468afa,bone.men,premium,1300,130,high,low,4,namecheap,,,22/09/2026 23:37
05f3e0f2-0461-4714-b92a-94affefe5eda,aeonium.men,available,5.25,6.25,medium,low,7,namesilo,,,17/09/2026 12:40
977ba7f0-5f4d-4bef-ae62-ce23accddf36,reverting.men,available,5.25,6.25,medium,low,9,namesilo,,,09/09/2026 15:58
debb465c-2915-40e3-abcd-bd9d30638cf0,hueless.men,available,5.25,6.25,medium,low,7,namesilo,,,21/08/2026 14:36
7b4cdc71-fe83-4a16-92c7-673e42a1f1f2,observation.men,premium,448,53.92,high,low,11,namesilo,,,28/09/2026 07:02
f4712ca8-572b-4ae7-8406-48957a9aab50,msa.men,premium,517.7,67.48,high,low,3,spaceship,,,28/09/2026 03:30
a66b1ded-b272-4d1e-842d-06afccd19245,coats.men,premium,455,65,high,low,5,namecheap,,,17/09/2026 00:23
14fe82d6-17d3-46ae-a7d9-e53569fd55a9,ketonemia.men,available,5.25,6.25,medium,low,9,namesilo,,,17/09/2026 00:10
962a0215-34fb-4a8b-afa2-df17c8c56c0d,salisbury.men,available,5.25,6.25,high,low,9,namesilo,,,24/09/2026 12:37
9577b7e6-efe0-4350-959a-b7e04a879618,snuggery.men,available,5.25,6.25,high,medium,8,namesilo,,,10/09/2026 12:53
c614ee84-1c63-4ab6-9345-fd16df1a2d57,walters.men,premium,448,53.92,medium,low,7,namesilo,,,25/09/2026 15:56
2078c43d-9cbf-45bd-8056-1352f03d2e5c,morphine.men,premium,455,65,medium,low,8,namecheap,,,28/09/2026 10:27
25075f48-c1e9-4f0e-9d39-d5e44b1d9965,instruct.men,premium,437.5,,high,low,8,name.com,,,
7209daec-e0c2-4d56-b8b9-883ae357ff2d,clear.men,resell,,,high,medium,5,Dynadot Inc,03/07/2022 13:36,03/07/2027 13:36,26/09/2026 04:58
58d1c4b5-6065-459d-b805-28f3005ebbe1,artiste.men,available,5.25,6.25,high,low,7,namesilo,,,20/09/2026 11:55
f492302a-b49f-4bb0-92e7-839c1598fd9e,aqaba.men,premium,448,53.92,medium,low,5,namesilo,,,17/09/2026 23:49
e167e3d8-4b99-4944-9b3a-e05a5d8d9510,averroes.men,premium,455,65,medium,low,8,namecheap,,,16/09/2026 18:56
ca5d30af-10f1-4e20-b5c9-4454af601397,aliraq.men,available,5.25,6.25,medium,low,7,namesilo,,,18/09/2026 00:54
5d6b7e83-fbcf-48d4-b97c-0a58fde9b519,bulla.men,premium,448,53.92,medium,low,5,namesilo,,,24/09/2026 05:20
967eae81-3b03-46d5-92e0-9c3de83c4c33,prediction.men,premium,448,53.92,high,low,10,namesilo,,,29/09/2026 00:58
c8b3bcda-880e-4e14-a132-d4e5754798ea,testy.men,available,5.25,6.25,medium,low,5,namesilo,,,22/08/2026 10:29
afbcd186-82b6-40d4-b737-5499e6782d29,deductive.men,available,5.25,6.25,medium,low,9,namesilo,,,13/08/2026 22:29
5b1268b4-7b89-43f7-bb10-c510d0080194,cryptic.men,premium,437.5,62.5,high,low,7,name.com,,,11/08/2026 12:17
190fcc1c-5de4-4578-bdcf-bda6b11f7b9a,degenerate.men,premium,437.5,62.5,medium,low,10,name.com,,,13/08/2026 20:16
82b883c8-ed8d-43b6-8987-151d522d8658,freewill.men,premium,437.5,62.5,high,low,8,name.com,,,18/08/2026 15:00
bc871f8a-d49a-4290-b606-59fdbcae768f,wishes.men,premium,455,65,medium,low,6,namecheap,,,25/09/2026 20:13
a436d1bf-dd14-4b4e-946f-2ab31cee2e6d,avenged.men,available,5.25,6.25,high,low,7,namesilo,,,07/08/2026 22:35
77ed5270-0b00-4df6-941d-53f6bf930b9d,bida.men,premium,116,29.5,medium,low,4,namesilo,,,23/09/2026 13:39
26c5c5a3-dc2b-4221-964d-a84b0f56ffa4,aberdonian.men,available,5.25,6.25,medium,low,10,namesilo,,,
c4cc1d65-45a8-478c-8edb-2eb1cc3a7e81,henrietta.men,premium,455,65,high,low,9,namecheap,,,25/09/2026 17:42
e8b78637-8b01-45cf-b798-a7fa8f3ee9ef,alienism.men,available,24.99,37.99,medium,low,8,name.com,,,18/09/2026 07:34
cecfc760-bdde-48f2-817d-5853c75ccd88,anne.men,available,5.25,6.25,high,low,4,namesilo,,,19/09/2026 10:11
d4149e5b-04dd-4399-a3a1-ddf199e9b983,colleges.men,available,5.25,6.25,medium,low,8,namesilo,,,29/09/2026 05:34
33d44d09-da43-4262-8042-f455a7a3a09e,pendulous.men,available,5.25,6.25,medium,low,9,namesilo,,,12/08/2026 00:50
be3363ea-232b-45bd-a0c0-9c6dfc7e2e44,austrian.men,available,5.98,9.48,high,low,8,namecheap,,,22/09/2026 13:38
5fa5908d-45f8-47b7-bd09-96b4dbe68394,aim.men,premium,640,77.35,high,medium,3,namesilo,,,25/09/2026 10:01
2cb54492-a1bb-4b3f-8c24-2c85fe98af69,saltlike.men,available,5.98,9.48,high,medium,8,namecheap,,,09/09/2026 20:58
7134ef28-1d03-4d20-9393-a96e227d4d54,baccarat.men,premium,448,53.92,high,low,8,namesilo,,,21/09/2026 13:56
ae28d043-8344-4441-8d9d-73c49c2a3958,zaftig.men,available,5.25,6.25,medium,low,6,namesilo,,,13/09/2026 14:56
ef9e00dc-aaed-4085-b6b4-a5905489835f,cannes.men,premium,448,53.92,high,low,6,namesilo,,,24/09/2026 12:04
31b3d15d-fbfb-4160-9939-88bad7f8abee,explicit.men,premium,437.5,62.5,high,low,8,name.com,,,17/08/2026 18:24
0b7db163-ce14-4992-be17-31cfd6d5181a,medals.men,available,5.25,6.25,high,low,6,namesilo,,,
d161982a-5898-4225-9180-10156fe49b4c,ballota.men,available,5.98,9.48,medium,low,7,namecheap,,,21/09/2026 23:16
11d534c1-b552-4e1f-84ae-ba0b4c4b81f2,viral.men,premium,448,53.92,high,medium,5,namesilo,,,13/09/2026 05:53
6e4c4018-0837-41ee-b649-94d0e2c1ea23,whopping.men,premium,437.5,62.5,medium,low,8,name.com,,,08/08/2026 13:14
e988bb7d-11c7-4e1a-b504-68010d3ffbe7,netherlands.men,available,,,high,high,11,,,,
7fc44358-f262-4119-93c4-99efbf849195,alertly.men,available,5.25,6.25,medium,low,7,namesilo,,,13/09/2026 18:40
53c868e0-27cc-4e46-b6ec-97ad5fe62e79,livelihood.men,available,5.25,6.25,high,low,10,namesilo,,,29/09/2026 00:16
74ff91f4-5bbd-497e-8c64-6b98edcdc9c9,uub.men,premium,640,77.35,medium,low,3,namesilo,,,20/09/2026 22:14
125b249e-8c44-429c-bac8-4e3ad0094deb,quits.men,available,5.98,9.48,high,low,5,namecheap,,,09/09/2026 09:02
8cdc1ab1-c50e-4235-8b65-c6d6aed1feae,astragal.men,available,5.25,6.25,medium,low,8,namesilo,,,19/09/2026 09:44
c8df75eb-0384-41a7-9d1d-9cbf3e92b579,amelia.men,premium,455,65,high,low,6,namecheap,,,18/09/2026 18:15
e89b931f-98d9-4c20-8d9f-d006db91324a,crumb.men,premium,437.5,62.5,medium,low,5,name.com,,,11/08/2026 09:20
d8f37993-97c6-41d4-8b75-8d8b6d7b886a,associates.men,available,5.25,6.25,medium,low,10,namesilo,,,28/09/2026 08:50
8e88421b-6d0e-4807-8c5a-43c2a32b6fe5,bbc.men,premium,650,84.5,high,medium,3,namecheap,,,19/09/2026 05:43
fb1ec0df-a1da-452f-bb1d-7b334cad9b70,acrostic.men,available,5.25,6.25,medium,low,8,namesilo,,,17/09/2026 03:59
63ef8d78-c2ee-4a6d-a069-c556737601e5,fourth.men,available,5.25,6.25,high,low,6,namesilo,,,
9428dbd9-b8d4-448a-b42b-6cb2a6f585bf,abacus.men,premium,437.5,62.5,high,low,6,name.com,,,16/09/2026 13:45
c9fa747e-e9a0-4a63-ba7b-0d7c34c5c1c1,kicked.men,available,5.98,9.48,medium,low,6,namecheap,,,25/09/2026 19:40
faea11bc-0106-43a9-93b9-5feb63ea2aed,dynamite.men,premium,448,53.92,high,low,8,namesilo,,,25/09/2026 22:28
7d17562d-79c8-42ff-8086-e5858cc86c69,outsized.men,available,5.25,6.25,high,low,8,namesilo,,,04/09/2026 19:40
295d50b4-6d78-4c11-9172-4ca0a419a1eb,abuja.men,available,5.98,9.48,medium,low,5,namecheap,,,16/09/2026 18:50
6c4cf65e-ece6-4fd9-a781-ec9965e65793,cambrian.men,available,5.25,6.25,high,low,8,namesilo,,,11/08/2026 15:45
b56bb16d-0b57-43d2-b695-b253fddc4408,bioscience.men,premium,455,65,high,low,10,namecheap,,,23/09/2026 18:59
1a4b98aa-bed8-49ba-8163-7c5183bbb243,atonal.men,available,5.25,6.25,medium,low,6,namesilo,,,07/08/2026 13:46
d252e6ef-c360-455b-bf0c-9d5d6bd6bfbc,anticipated.men,available,5.25,6.25,high,low,11,namesilo,,,08/09/2026 14:34
883f56c9-96a9-44c6-a3ca-ee683b15d383,nguyen.men,available,4.32,5.35,high,low,6,spaceship,,,28/09/2026 04:48
8f21b141-d948-4508-9228-16f67c24c503,warren.men,available,4.18,5.18,high,low,6,cloudflare,,,29/09/2026 00:43
89f709f2-828d-41a7-8943-958d367c9385,magically.men,available,5.98,9.48,high,low,9,namecheap,,,13/09/2026 21:17
7e7f9bae-e305-4d52-9ba8-d864e4e4f128,rimed.men,available,5.25,6.25,medium,low,5,namesilo,,,09/09/2026 17:39
8cb0d242-8867-43a5-ab3d-b462604eb2e0,raiment.men,available,5.98,9.48,high,low,7,namecheap,,,19/09/2026 19:57
1ce22bba-bcf8-4948-889f-2274c3454edb,contour.men,premium,448,53.92,high,low,7,namesilo,,,24/09/2026 17:43
6d92319e-9a9b-4e3a-b9a3-b86f5b8d13b8,assort.men,premium,448,53.92,medium,low,6,namesilo,,,17/09/2026 14:23
bd7e16b2-cc24-4eff-a900-8de556d1f5f4,puritanic.men,available,5.25,6.25,high,medium,9,namesilo,,,09/09/2026 06:20
f8c79b04-6de8-4050-8976-37bc2aad87e0,learned.men,available,5.98,9.48,high,low,7,namecheap,,,23/09/2026 19:31
9767447a-46ca-43fc-885a-b2ffeca7bfca,tipple.men,premium,448,53.92,medium,low,6,namesilo,,,23/09/2026 12:44
e837d460-cbca-446b-bc73-a075a2aa5426,races.men,available,5.25,6.25,medium,low,5,namesilo,,,19/09/2026 00:33
6079b111-be1e-4316-9f28-5346966bfd30,mothafucker.men,available,5.25,6.25,medium,low,11,namesilo,,,
351711e8-62e8-40b0-81c0-5de986671cc0,outlined.men,available,5.98,9.48,high,low,8,namecheap,,,04/09/2026 19:31
b8b247b4-df0f-4cbd-8ec7-2cb64a999515,partially.men,available,5.98,9.48,medium,low,9,namecheap,,,15/09/2026 18:59
9d3ba4cb-dfdf-47b2-abda-b9aaf19a03dc,yield.men,premium,437.5,,high,low,5,name.com,,,
482e42ea-441b-4981-87ba-23f24ace50ba,edgewise.men,premium,448,53.92,medium,low,8,namesilo,,,14/09/2026 15:02
42bef871-5fca-4e35-87e4-7c062a0d26c3,olympia.men,available,,,high,low,7,,,,
05c01946-e4b9-4e6b-97ee-8dd224c48499,kempt.men,available,5.25,6.25,high,low,5,namesilo,,,22/08/2026 15:32
17de74b8-c9f0-4330-b3ff-2bcf21a8d38c,youngest.men,available,5.25,6.25,high,low,8,namesilo,,,
31d304f3-df77-4560-8789-48e5baf76589,frictional.men,available,5.25,6.25,medium,low,10,namesilo,,,18/08/2026 15:28
8db19f3f-7bc7-4a18-8b92-24360e7a27bf,pradesh.men,available,4.32,5.35,high,low,7,spaceship,,,28/09/2026 03:36
3ed5c58d-8a85-480d-a0fe-75a116f99730,prosperity.men,premium,448,53.92,high,low,10,namesilo,,,29/09/2026 01:54
6add0c5f-807f-4927-bda7-3178ed537ba8,autonomic.men,premium,437.5,62.5,high,low,9,name.com,,,07/08/2026 20:52
879ca662-1698-4a8e-877b-17aa14489154,carmen.men,premium,437.5,62.5,high,low,6,name.com,,,27/09/2026 01:37
a0c9bd4c-d6ad-4317-9a53-2087d4f4feca,sup.men,premium,625,,high,low,3,name.com,,,
deb78c6d-8471-462c-84cd-5b365772ec72,salvatore.men,premium,362.45,51.95,medium,low,9,spaceship,,,28/09/2026 16:31
54063e19-d67b-4cef-abad-b0f104d23e2d,campus.men,premium,625,,high,low,6,name.com,,,
9f9b6079-e2e5-47b8-871a-22f2a8d711c3,remindful.men,available,5.25,6.25,medium,low,9,namesilo,,,17/08/2026 15:18
cbdd7205-273e-41b8-b60b-419518ffb2eb,cherimoya.men,available,5.25,6.25,medium,low,9,namesilo,,,19/09/2026 10:32
97803063-08c2-4596-ab55-1aef7d3443b4,brewster.men,premium,448,53.92,medium,low,8,namesilo,,,28/09/2026 11:34
9617a31c-e5a8-4f9d-87e5-29b1ad6b8cf5,commercial.men,resell,,,high,low,10,"NameSilo, LLC",06/06/2016 06:01,06/06/2027 06:01,27/09/2026 02:31
a5216ae5-d386-4ad2-8087-09bb6f03ccc0,microscope.men,premium,,,high,low,10,,,,28/09/2026 19:53
992df50b-065e-47e7-a889-9f79e4e091f5,occur.men,available,,,high,low,5,,,,
0d859d3f-0096-4149-bc18-4f09549a831b,appal.men,available,5.25,6.25,medium,low,5,namesilo,,,18/09/2026 01:52
84a86c01-c42c-461d-9187-2a609e2facbe,assignments.men,available,4.18,5.18,medium,low,11,cloudflare,,,28/09/2026 18:20
4ecea12a-3bcc-41f6-86eb-b2ed0ebd954f,feisty.men,available,5.25,6.25,high,low,6,namesilo,,,18/08/2026 00:45
d2612112-0e5f-4af4-8ebb-6f54f7eec9db,guard.men,available,9.48,,high,low,5,namecheap,,,
66f604c0-6bc0-4670-a58f-caf5e3f31a26,maths.men,available,,,high,low,5,,,,
bdf8431a-bd62-4b66-a7ba-c34c68d364a1,affectionate.men,premium,1250,,high,low,12,name.com,,,
5c5872bd-9a89-4c75-a090-bec1a60f257c,visits.men,available,4.32,5.35,medium,low,6,spaceship,,,28/09/2026 13:15
e91041fe-7d00-4e8d-9478-3042698e2242,cheese.men,premium,103.7,26.08,high,low,6,spaceship,,,28/09/2026 12:55
5e6715e7-8744-4f9b-b5e9-22ef747b50be,feedback.men,premium,455,65,high,medium,8,namecheap,,,28/09/2026 14:09
ac88b3c0-e7d3-41f7-93fa-24fb592f8ef0,tompkins.men,premium,455,65,medium,low,8,namecheap,,,28/09/2026 08:31
8433f8d7-d5d7-4007-8dbb-78f00e3208a0,sucked.men,available,5.25,6.25,medium,low,6,namesilo,,,18/09/2026 04:29
a0f59352-9116-473c-b937-cab7e19cf27f,laugher.men,available,5.98,9.48,high,low,7,namecheap,,,09/09/2026 19:28
791bd8ea-79ce-4cfc-91d7-beb28fac54d8,bespoke.men,premium,625,81.25,high,low,7,name.com,,,09/08/2026 17:25
af981574-f677-4b33-917e-6afc2832b357,detailed.men,available,5.25,6.25,high,low,8,namesilo,,,24/09/2026 07:09
84877f85-c4ee-4448-9578-899d5e3f941d,fee.men,premium,625,,high,low,3,name.com,,,29/09/2026 05:24
6d22a64c-a91e-43c8-b74f-4703d90371ac,greenhouse.men,premium,437.5,62.5,high,low,10,name.com,,,20/08/2026 19:51
308b5ed7-4a40-4fd0-9306-5afcea201b6f,aberrance.men,available,5.25,6.25,medium,low,9,namesilo,,,16/09/2026 15:12
e1bc4e13-01b3-4b9d-9b2a-47981f012256,malefic.men,available,5.25,6.25,medium,low,7,namesilo,,,24/08/2026 13:50
4df70a7e-1156-42b8-aa9c-e7a9c5c36089,profound.men,premium,448,53.92,high,low,8,namesilo,,,27/09/2026 07:12
f0de1863-fb88-45de-b516-78a5e8092abc,offerings.men,premium,448,53.92,medium,low,9,namesilo,,,18/09/2026 10:39
f3610e32-efc7-475c-9ad4-8450ab06458b,squeamish.men,available,5.98,9.48,medium,low,9,namecheap,,,04/09/2026 21:24
9f7e29d9-5313-4f98-b48d-ed78c845b970,levodopa.men,available,5.25,6.25,high,low,8,namesilo,,,23/09/2026 07:46
1b3e0a4d-76a9-49b6-baf1-26b33bcf87fb,olfactory.men,premium,437.5,62.5,high,low,9,name.com,,,04/09/2026 02:12
510ca35a-82e5-4386-a21c-26eaa3df7c61,brusque.men,available,5.25,6.25,medium,low,7,namesilo,,,11/08/2026 07:02
4cc0ac05-792b-4b5a-81b5-7742fc057ea0,shipment.men,available,5.98,9.48,high,low,8,namecheap,,,24/09/2026 12:59
6706c1d2-61ee-45a8-97eb-09d3ccf751cc,clouded.men,available,5.25,6.25,medium,low,7,namesilo,,,12/08/2026 12:27
9cdb71bc-a9ac-4b9b-ae21-6259cd1a0642,filial.men,available,5.25,6.25,medium,low,6,namesilo,,,18/08/2026 04:17
b7a9e255-c04a-455f-940d-0ef888c2dc1e,aardvark.men,premium,455,65,high,low,8,namecheap,,,16/09/2026 13:21
44ab7331-18c6-4efe-9a3c-1f284b39dd39,midwestern.men,available,5.25,6.25,high,low,10,namesilo,,,24/08/2026 22:41
d1c51c66-e2a5-4c84-900b-58c7189623bd,zonal.men,premium,448,53.92,medium,low,5,namesilo,,,13/09/2026 15:29
347c51aa-7d74-403f-bf20-94233e5075b8,destined.men,premium,448,53.92,high,low,8,namesilo,,,24/09/2026 06:55
c9abe152-ade0-40b9-b1d8-464901581d09,stooping.men,available,5.25,6.25,medium,low,8,namesilo,,,21/08/2026 15:34
088dc648-2f12-40d3-83c0-b213f4ac9bc8,determined.men,premium,448,53.92,high,low,10,namesilo,,,24/09/2026 07:38
0e4fd647-968d-48c2-850c-907444ab6265,transitive.men,available,5.98,9.48,high,low,10,namecheap,,,11/09/2026 18:55
2a81e247-dbaa-47e3-beb9-8d2d920563b6,randomised.men,available,5.25,6.25,high,medium,10,namesilo,,,09/09/2026 10:15
dd5a6570-a15c-4795-b711-f93bcdc4eed0,sisyphean.men,available,5.25,6.25,medium,low,9,namesilo,,,10/09/2026 08:58
896e3cbc-e962-4a01-b78c-d353bf7fe32a,ford.men,available,,,high,high,4,,,,
16f32e2e-73d7-47f3-8330-74de9b0027e5,frothing.men,available,5.25,6.25,medium,low,8,namesilo,,,18/08/2026 09:42
4f3ea066-2544-42d2-9fd0-3459ef55d14f,laughing.men,available,5.25,6.25,high,low,8,namesilo,,,25/09/2026 16:41
7879d7e4-d9f0-4777-9feb-b0b69e85ba40,balbriggan.men,available,5.98,9.48,medium,low,10,namecheap,,,21/09/2026 21:25
0e05db5d-ab5c-48a5-949a-dad7fc7f7948,tasmania.men,available,5.25,6.25,high,low,8,namesilo,,,27/09/2026 16:02
de7cbb92-7463-48d7-87e9-ea3be5f5f6f0,justified.men,premium,448,53.92,high,low,9,namesilo,,,25/09/2026 12:26
b432c68e-0947-4b6b-9b6d-14c8b4fb5055,allayer.men,available,5.25,6.25,medium,low,7,namesilo,,,18/09/2026 09:59
8873b58e-718c-4540-a1a1-58c2fcf60e71,noseless.men,available,5.25,6.25,low,low,8,namesilo,,,03/09/2026 21:47
cd868095-b675-4572-9951-3280cdd6bbe0,ideally.men,available,5.25,6.25,medium,low,7,namesilo,,,28/09/2026 15:16
3d726c85-9158-45ec-a35e-c76f9f6a885d,adamson.men,available,5.25,6.25,medium,low,7,namesilo,,,28/09/2026 17:25
761c201b-1dcd-4a4e-bbe3-49d173b2ed99,consequence.men,premium,448,53.92,high,low,11,namesilo,,,28/09/2026 15:40
ed218cf3-3c2e-4f1f-b5ae-436dcdf3de85,excitedly.men,available,5.25,6.25,medium,low,9,namesilo,,,14/09/2026 16:52
bdaa9cb4-4295-41c4-ab3f-2f62390c59c6,nomination.men,premium,448,53.92,high,low,10,namesilo,,,28/09/2026 14:58
541caa8a-de02-470c-989b-d9085506ec3c,layered.men,available,5.25,6.25,high,low,7,namesilo,,,22/08/2026 21:32
d23ed40e-19e8-4372-9798-ae1d0c4fc65e,appetence.men,available,5.25,6.25,medium,low,9,namesilo,,,19/09/2026 20:44
bb1f4c94-7f91-46ca-aee9-4f1ad116bcc8,northern.men,available,5.25,6.25,high,low,8,namesilo,,,25/09/2026 23:11
b8104d87-46c7-499d-b126-38bf619df11a,dendroid.men,available,5.25,6.25,medium,low,8,namesilo,,,06/08/2026 13:50
3091ada5-a040-4457-9dc8-92d452bd413f,selfworth.men,available,5.25,6.25,high,low,10,namesilo,,,
cc70d8f1-6ac4-48e7-95ae-60904b69ff61,shelby.men,available,5.25,6.25,high,low,6,namesilo,,,25/09/2026 15:30
cd7020d1-cdf2-4cdd-bb7a-71e77fae5358,cheesecake.men,premium,448,53.92,high,low,10,namesilo,,,24/09/2026 14:12
c7346bfe-1352-4bfd-bac9-46278f826fd5,cauterize.men,available,5.25,6.25,medium,low,9,namesilo,,,11/08/2026 14:34
31248819-58a8-4a7f-a5c6-7dec38839d7c,indigene.men,available,5.25,6.25,medium,low,8,namesilo,,,03/09/2026 13:49
2dab64e1-a907-4376-93fe-aed89d131a1c,amour.men,premium,448,53.92,high,low,5,namesilo,,,17/09/2026 14:07
de145e88-985e-4869-8bb2-c095753f4b8d,seraphical.men,available,5.25,6.25,medium,low,10,namesilo,,,10/09/2026 04:31
284fbe41-d499-4703-b6d2-2a291ad1cec0,container.men,premium,437.5,,high,medium,9,name.com,,,
445a9bbe-8b6d-4abf-81ee-3a9b07ba14ae,phrasal.men,available,5.98,9.48,high,medium,7,namecheap,,,08/09/2026 19:19
3f48d165-e382-4734-8d85-0d45b3e413de,picking.men,available,5.25,6.25,high,low,7,namesilo,,,25/09/2026 09:58
8dba8c4f-c1cd-49d4-81c4-08fba1e2936f,relied.men,available,5.25,6.25,medium,low,6,namesilo,,,20/09/2026 05:00
7e067849-1ff0-410f-9dc3-e63846c1ab58,salim.men,available,5.25,6.25,high,low,5,namesilo,,,19/09/2026 04:37
4a11d993-254e-4917-a2f3-73d6f5740d67,fordable.men,available,5.25,6.25,medium,low,8,namesilo,,,18/08/2026 11:24
ec5686d8-ad7b-4d13-b90b-41dc8e67d5ee,botchy.men,available,5.98,9.48,medium,low,6,namecheap,,,10/08/2026 20:53
d4814728-6e43-4702-a33f-e13aa745d781,equestrian.men,premium,437.5,62.5,high,low,10,name.com,,,17/08/2026 11:42
3a3e0754-3358-41c4-9f1e-5d6cce9f1478,agrees.men,available,5.98,9.48,medium,low,6,namecheap,,,28/09/2026 12:39
789f36c2-0a63-4e91-b445-9ec4ea4196ec,alerting.men,available,5.25,6.25,high,low,8,namesilo,,,18/09/2026 05:27
56f45bfa-00cd-4180-83fb-07a3bae479dd,disfigure.men,available,5.25,6.25,medium,low,9,namesilo,,,24/09/2026 05:36
352ed557-ace4-415b-b842-c4eff05f787e,operated.men,available,5.25,6.25,medium,low,8,namesilo,,,
dfee0b8e-f6eb-46ba-8b29-dbc15125b4b3,recorder.men,premium,,,high,low,8,,,,28/09/2026 09:46
6515bc99-f8ea-4034-b998-436bef58a199,programmes.men,available,5.25,6.25,medium,low,10,namesilo,,,20/09/2026 10:20
a86ff549-b462-4b74-bc57-cf4f7c5b8525,strategic.men,resell,,,high,low,9,"Global Domains International, Inc. DBA DomainCostClub.com",19/02/2017 06:52,19/02/2029 06:52,28/09/2026 01:36
ef16bfed-d705-4da6-b048-c33f8e8af80e,argus.men,premium,448,53.92,high,low,5,namesilo,,,20/09/2026 04:53
5cd1724f-0f88-40bc-be33-1ca9a442c2b5,humanitarian.men,available,5.98,9.48,high,low,12,namecheap,,,28/09/2026 21:16
7ebfb708-f8f3-4163-b471-b30cb7fc4dda,atypical.men,available,5.25,6.25,high,low,8,namesilo,,,07/08/2026 16:06
3919ccc2-f355-4d68-b296-8090e2c950a1,improve.men,available,,,high,low,7,,,,
2979b1d7-f7fb-4b3d-9b06-6a4559745205,bonus.men,premium,362.45,51.95,high,low,5,spaceship,,,29/09/2026 03:20
5089c1a2-2a0f-43ab-b90c-edfcd33cce53,furrowed.men,available,5.98,9.48,medium,low,8,namecheap,,,18/08/2026 18:55
52f4892e-36cb-4956-8b50-797c43c30967,anaglyphic.men,available,5.25,6.25,medium,low,10,namesilo,,,